isco08_2d,aioe_score,n_4digit
24,1.2578354734848485,11
12,1.1878925285714286,7
95,1.107101,1
25,1.100905511111111,9
11,1.0532973125,4
21,0.9923768202,25
33,0.8991681256448413,24
23,0.8980566592460318,12
42,0.8950797757575757,11
43,0.8462870611111112,6
41,0.81754825,4
26,0.8102609143749999,20
13,0.8047390714285714,14
35,0.5487837083333333,6
14,0.54354597,5
22,0.4623736626666667,15
44,0.37988661714285715,7
52,0.11641515641025639,13
31,-0.025729413456790126,27
32,-0.08582664088235295,17
34,-0.18724705166666666,10
53,-0.21909979833333332,5
51,-0.3561370973958333,16
54,-0.508848589047619,5
73,-0.6323173923611111,12
74,-0.6494232542857142,5
83,-0.6783535742424243,11
82,-0.77071083,3
61,-0.8350407240740741,9
75,-0.8374381304166667,20
62,-0.922005572,5
72,-0.9608284346464646,13
81,-0.9945072465178572,24
96,-0.9961860914285714,7
94,-1.14199235,2
71,-1.2039738744444444,15
93,-1.2700423892857142,8
92,-1.3587563333333332,6
63,-1.368423625,4
91,-1.5371656666666667,6
