dropped_country,n_remaining,r_pearson,r_pearson_p,rho_spearman,rho_spearman_p,shift_from_baseline,significant
ESP,20,0.77115042541164,6.879833209968304e-05,0.7849624060150376,4.149804829901332e-05,0.06245881152584576,True
SWE,20,0.7592393944484325,0.00010358045354647667,0.7639097744360903,8.847255639528148e-05,0.0505477805626382,True
FIN,20,0.7352930958035724,0.00022085622230677034,0.706766917293233,0.0004940441153149169,0.026601481917778114,True
LTU,20,0.7255228087043754,0.00029417041410799666,0.7157894736842104,0.00038691327846311315,0.016831194818581086,True
PRT,20,0.7167217485474139,0.0003770692551457195,0.6902255639097743,0.0007563948378339722,0.008030134661619615,True
EST,20,0.7161004005996849,0.00038360612993289673,0.6902255639097743,0.0007563948378339722,0.007408786713890669,True
NLD,20,0.715222970951906,0.0003930012513580112,0.6962406015037594,0.0006499244054973399,0.006531357066111743,True
LVA,20,0.7135874876239113,0.0004110366202654495,0.6902255639097743,0.0007563948378339722,0.0048958737381170625,True
AUT,20,0.713505646368461,0.0004119573229620407,0.6857142857142857,0.0008456156084852951,0.0048140324826667635,True
DNK,20,0.7080121024470667,0.0004779089590460068,0.6887218045112782,0.0007852045694487572,-0.0006795114387275758,True
FRA,20,0.7079833096464796,0.0004782769353253993,0.6977443609022556,0.0006253881635147668,-0.0007083042393146721,True
DEU,20,0.7059927910562708,0.0005043066899298988,0.7022556390977444,0.0005564352866091819,-0.002698822829523495,True
POL,20,0.7058048306604898,0.0005068256108149121,0.6872180451127818,0.0008149369421759723,-0.0028867832253044456,True
IRL,20,0.7010815215263485,0.0005737279072081327,0.6887218045112782,0.0007852045694487572,-0.007610092359445764,True
BEL,20,0.6965895197317994,0.0006441597843950086,0.6887218045112782,0.0007852045694487572,-0.01210209415399488,True
CZE,20,0.6900563428795076,0.0007595915159044815,0.6812030075187969,0.0009435725086737288,-0.018635271006286702,True
SVK,20,0.6892580813567225,0.0007748256915479117,0.6812030075187969,0.0009435725086737288,-0.019433532529071762,True
NOR,20,0.6885791626095361,0.000787984913255211,0.6887218045112782,0.0007852045694487572,-0.02011245127625816,True
ITA,20,0.6852683342699583,0.0008548990646541016,0.6796992481203006,0.0009782817239871893,-0.023423279615836012,True
CHE,20,0.6689441608118872,0.001259367214895292,0.6736842105263157,0.0011280967372370514,-0.039747453073907035,False
HUN,20,0.6683678124619657,0.0012761707980940235,0.6631578947368421,0.0014368148651074362,-0.04032380142382852,False
