country_iso3,country_name,eprc,ept,dualization_gap_raw,year,temp_share,invol_temp_share_pct_2022,invol_temp_share_pct_2024,dualization_gap_weighted_2022,dualization_gap_weighted_2024,dualization_gap_weighted,invol_temp_share_pct,pc_sal_temp_rate_2022,pc_sal_temp_rate_2024,dualization_gap_weighted_uncond_2022,dualization_gap_weighted_uncond_2024
GBR,United Kingdom,1.901723742,0.412698418,1.489025324,2019,,,,,,,,,,,
NLD,Netherlands,2.880872488,1.478453636,1.402418852,2019,21.7,13.7,13.2,0.192131382724,0.185119288464,0.185119288464,13.2,27.4,26.0,0.05264399886637599,0.04813101500064001
ISR,Israel,2.832093239,1.480530739,1.3515625000000002,2019,,,,,,,,,,,
IRL,Ireland,2.134929419,0.857142866,1.277786553,2019,6.5,19.0,14.6,0.24277944507,0.186556836738,0.186556836738,14.6,8.3,7.3,0.020150693940810004,0.013618649081873999
CAN,Canada,1.675306797,0.440652281,1.234654516,2019,,,,,,,,,,,
NZL,New Zealand,2.085777998,1.015253067,1.0705249310000002,2019,,,,,,,,,,,
USA,United States,1.310865164,0.27078706,1.040078104,2019,,,,,,,,,,,
CZE,Czechia,3.025262117,2.0078125,1.017449617,2019,6.3,26.6,19.2,0.270641598122,0.195350326464,0.195350326464,19.2,6.1,7.6,0.016509137485442003,0.014846624811264001
LVA,Latvia,2.708120823,1.701140761,1.0069800619999998,2019,2.2,,,,,,,2.7,2.3,,
SWE,Sweden,2.54440546,1.547428012,0.9969774480000002,2019,11.5,19.9,17.9,0.198398512152,0.178458963192,0.178458963192,17.9,14.8,12.6,0.029362979798496006,0.022485829362192004
FIN,Finland,2.47975111,1.608072877,0.8716782330000001,2019,12.5,21.0,16.4,0.18305242893,0.142955230212,0.142955230212,16.4,15.9,15.1,0.02910533619987,0.021586239762012002
BEL,Belgium,2.709881306,1.891462088,0.8184192180000003,2019,9.5,28.7,20.7,0.2348863155660001,0.169412778126,0.169412778126,20.7,9.7,9.7,0.022783972609902003,0.016433039478222004
ISL,Iceland,2.203089476,1.437169313,0.7659201630000001,2019,9.5,,,,,,,13.0,10.8,,
AUS,Australia,1.700077891,0.939112127,0.760965764,2019,,,,,,,,,,,
JPN,Japan,2.080915213,1.348710299,0.732204914,2019,,,,,,,,,,,
DEU,Germany,2.332411051,1.668929815,0.6634812359999998,2019,10.6,5.6,5.2,0.0371549492159999,0.0345010242719999,0.0345010242719999,5.2,12.3,11.4,0.004570058753567998,0.003933116767007999
POL,Poland,2.385318041,1.804439545,0.5808784960000002,2019,12.8,27.2,19.2,0.157998950912,0.111528671232,0.111528671232,19.2,15.3,14.9,0.024173839489536008,0.016617772013568007
PRT,Portugal,2.871757984,2.290943384,0.5808145999999996,2019,13.1,54.3,36.9,0.3153823277999997,0.2143205873999998,0.2143205873999998,36.9,16.7,16.0,0.05266884874259995,0.03429129398399998
LTU,Lithuania,2.243927956,1.720904589,0.5230233669999997,2019,1.6,20.6,20.3,0.1077428136019999,0.1061737435009999,0.1061737435009999,20.3,1.9,1.6,0.002047113458437999,0.0016987798960159993
SVN,Slovenia,2.322109699,1.827752948,0.4943567509999997,2019,8.4,21.2,12.8,0.1048036312119999,0.0632776641279999,0.0632776641279999,12.8,11.6,10.6,0.012157221220591992,0.006707432397567996
MEX,Mexico,2.464817286,2.004919052,0.4598982340000002,2019,,,,,,,,,,,
CHE,Switzerland,1.606973529,1.164021134,0.442952395,2019,11.0,11.7,10.5,0.0518254302149999,0.0465100014749999,0.0465100014749999,10.5,13.6,12.7,0.00704825850924,0.005906770187325
DNK,Denmark,1.937693,1.604042649,0.3336503510000002,2019,11.7,12.4,13.9,0.041372643524,0.046377398789,0.046377398789,13.9,10.9,12.6,0.004509618144116002,0.0058435522474140035
AUT,Austria,1.800630689,1.472222209,0.32840848,2019,7.4,3.3,2.9,0.0108374798399999,0.00952384592,0.00952384592,2.9,8.7,8.4,0.00094286074608,0.00080000305728
HUN,Hungary,1.89233458,1.61988461,0.27244997,2019,4.0,24.3,22.7,0.0662053427099999,0.0618461431899999,0.0618461431899999,22.7,5.4,4.7,0.00357508850634,0.0029067687299299994
CHL,Chile,2.341765881,2.070519209,0.2712466720000002,2019,,,,,,,,,,,
GRC,Greece,2.543981552,2.333333492,0.21064806,2019,7.0,30.7,37.3,0.06466895442,0.07857172638,0.07857172638,37.3,10.1,9.5,0.006531564396419999,0.0074643140061
KOR,Korea,2.350233793,2.188698769,0.1615350239999999,2019,,,,,,,,,,,
FRA,France,2.675937176,2.581442118,0.0944950580000001,2019,13.2,27.7,23.8,0.026175131066,0.022489823804,0.022489823804,23.8,16.0,15.2,0.0041880209705600045,0.0034184532182080043
SVK,Slovak Republic,2.33060503,2.244667768,0.0859372620000002,2019,3.3,52.8,43.0,0.0453748743360001,0.03695302266,0.03695302266,43.0,4.3,3.8,0.0019511195964480043,0.001404214861080003
ITA,Italy,2.855566263,2.820250511,0.0353157520000002,2019,10.8,50.6,52.2,0.0178697705120001,0.0184348225440001,0.0184348225440001,52.2,16.9,14.8,0.003019991216528017,0.0027283537365120156
ESP,Spain,2.430514097,2.466176748,-0.0356626509999999,2019,13.2,63.4,54.7,-0.0226101207339999,-0.0195074700969999,-0.0195074700969999,54.7,21.4,16.0,-0.004838565837075986,-0.003121195215519992
COL,Colombia,1.980052471,2.045014858,-0.064962387,2019,,,,,,,,,,,
NOR,Norway,2.373485327,2.470579147,-0.09709382,2019,7.8,30.0,28.3,-0.029128146,-0.02747755106,-0.02747755106,28.3,8.5,8.3,-0.00247589241,-0.0022806367379800004
TUR,Türkiye,2.949660778,3.416542768,-0.4668819899999996,2019,8.9,68.7,60.0,-0.3207479271299997,-0.2801291939999997,-0.2801291939999997,60.0,10.6,11.6,-0.033999280275779975,-0.03249498650399996
EST,Estonia,1.934222698,2.49361372,-0.559391022,2019,3.0,,,,,,,3.2,3.9,,
LUX,Luxembourg,2.541836739,3.555555582,-1.0137188430000004,2019,8.4,13.7,15.4,-0.138879481491,-0.156112701822,-0.156112701822,15.4,7.3,9.5,-0.010138202148843001,-0.014830706673090005
