geo,isco_1digit,obs_value
AT,0,19.9
AT,1,482.4
AT,2,1961.0
AT,3,1629.7
AT,4,832.9
AT,5,1535.4
AT,6,260.70000000000005
AT,7,1031.8
AT,8,450.2
AT,9,693.5
BE,0,43.099999999999994
BE,1,777.6
BE,2,2629.7
BE,3,1502.3000000000002
BE,4,1253.5
BE,5,1304.7
BE,6,114.1
BE,7,925.2
BE,8,573.8
BE,9,902.9
BG,0,44.6
BG,1,314.0
BG,2,1081.7
BG,3,563.5999999999999
BG,4,353.4
BG,5,1144.0
BG,6,151.4
BG,7,701.6
BG,8,784.6
BG,9,662.3
CH,0,7.0
CH,1,814.1
CH,2,2530.3
CH,3,1599.6
CH,4,1197.9
CH,5,1259.3
CH,6,200.1
CH,7,890.4
CH,8,352.0
CH,9,558.7
CY,0,15.4
CY,1,40.0
CY,2,216.7
CY,3,132.9
CY,4,101.9
CY,5,172.2
CY,6,14.0
CY,7,91.0
CY,8,38.4
CY,9,126.6
CZ,0,34.4
CZ,1,524.1
CZ,2,1995.1999999999998
CZ,3,1647.0
CZ,4,797.2
CZ,5,1535.0
CZ,6,129.10000000000002
CZ,7,1604.8
CZ,8,1310.8
CZ,9,540.9000000000001
DE,0,332.6
DE,1,3623.5
DE,2,19134.3
DE,3,16626.0
DE,4,11013.7
DE,5,11622.599999999999
DE,6,1037.4
DE,7,9013.9
DE,8,5253.7
DE,9,6286.7
DK,0,23.8
DK,1,146.2
DK,2,1717.6
DK,3,1085.8
DK,4,375.79999999999995
DK,5,1086.8
DK,6,86.4
DK,7,420.3
DK,8,290.79999999999995
DK,9,618.8
EE,0,6.0
EE,1,102.5
EE,2,343.8
EE,3,197.60000000000002
EE,4,86.9
EE,5,166.0
EE,6,16.1
EE,7,184.5
EE,8,138.0
EE,9,112.2
EL,0,132.60000000000002
EL,1,252.6
EL,2,1834.8
EL,3,579.3
EL,4,899.5999999999999
EL,5,1859.4
EL,6,870.3
EL,7,795.5
EL,8,568.7
EL,9,566.2
ES,0,202.2
ES,1,1741.3000000000002
ES,2,8257.6
ES,3,5116.3
ES,4,4217.5
ES,5,8894.0
ES,6,888.1
ES,7,4527.3
ES,8,3345.8
ES,9,5170.4
FI,0,14.8
FI,1,135.5
FI,2,1408.0
FI,3,990.1
FI,4,245.5
FI,5,978.0
FI,6,140.0
FI,7,500.0
FI,8,375.9
FI,9,337.79999999999995
FR,0,377.6
FR,1,4040.5
FR,2,13697.4
FR,3,10365.2
FR,4,4612.4
FR,5,8202.0
FR,6,1520.2
FR,7,5436.1
FR,8,3653.2
FR,9,4855.1
HR,0,23.4
HR,1,194.10000000000002
HR,2,668.5
HR,3,434.20000000000005
HR,4,276.6
HR,5,591.7
HR,6,79.9
HR,7,386.0
HR,8,306.4
HR,9,248.10000000000002
HU,0,45.7
HU,1,361.4
HU,2,1777.6999999999998
HU,3,1472.4
HU,4,792.0
HU,5,1361.0
HU,6,234.6
HU,7,1303.4
HU,8,1190.3000000000002
HU,9,837.0
IE,0,12.4
IE,1,501.3
IE,2,1408.1
IE,3,637.7
IE,4,444.8
IE,5,942.3
IE,6,175.0
IE,7,442.0
IE,8,262.7
IE,9,395.59999999999997
IS,1,54.2
IS,2,116.2
IS,3,59.9
IS,4,14.7
IS,5,86.4
IS,6,12.399999999999999
IS,7,39.3
IS,8,21.4
IS,9,21.9
IT,0,442.20000000000005
IT,1,1746.3
IT,2,7317.9
IT,3,8282.2
IT,4,5913.900000000001
IT,5,8163.2
IT,6,1068.3
IT,7,6122.2
IT,8,3127.3
IT,9,4963.2
LT,0,9.2
LT,1,256.5
LT,2,835.2
LT,3,275.5
LT,4,118.9
LT,5,342.1
LT,6,72.0
LT,7,382.5
LT,8,265.9
LT,9,304.7
LU,1,15.3
LU,2,280.8
LU,3,89.4
LU,4,28.9
LU,5,52.5
LU,6,6.5
LU,7,25.0
LU,8,19.6
LU,9,38.9
LV,0,15.799999999999999
LV,1,182.8
LV,2,364.5
LV,3,224.0
LV,4,87.2
LV,5,249.3
LV,6,55.099999999999994
LV,7,185.4
LV,8,144.5
LV,9,214.5
ME,1,15.9
ME,2,75.1
ME,3,49.0
ME,4,30.6
ME,5,91.5
ME,6,25.799999999999997
ME,7,41.0
ME,8,31.7
ME,9,27.700000000000003
MK,0,12.8
MK,1,40.7
MK,2,285.1
MK,3,164.4
MK,4,85.1
MK,5,237.6
MK,6,66.8
MK,7,161.7
MK,8,184.0
MK,9,128.6
MT,0,4.0
MT,1,66.5
MT,2,121.7
MT,3,75.3
MT,4,61.0
MT,5,113.2
MT,6,5.0
MT,7,56.8
MT,8,31.2
MT,9,47.8
NL,0,51.9
NL,1,1095.3
NL,2,6091.0
NL,3,3348.8
NL,4,1674.9
NL,5,3344.2
NL,6,283.5
NL,7,1296.1999999999998
NL,8,749.8
NL,9,1486.1
NO,0,18.6
NO,1,437.2
NO,2,1671.1999999999998
NO,3,869.0
NO,4,319.9
NO,5,1169.9
NO,6,99.9
NO,7,459.8
NO,8,305.4
NO,9,186.2
PL,0,270.2
PL,1,2381.9
PL,2,8093.700000000001
PL,3,4699.0
PL,4,2566.3
PL,5,4356.5
PL,6,2393.3
PL,7,4896.6
PL,8,3061.8
PL,9,1499.6999999999998
PT,0,39.400000000000006
PT,1,580.5
PT,2,2237.1
PT,3,1102.0
PT,4,954.5
PT,5,1900.0
PT,6,223.8
PT,7,1303.6
PT,8,842.2
PT,9,869.0
RO,0,95.0
RO,1,385.1
RO,2,2694.3
RO,3,1057.8000000000002
RO,4,701.5999999999999
RO,5,2634.6
RO,6,1282.1
RO,7,2711.7
RO,8,2098.9
RO,9,1576.1
RS,0,35.2
RS,1,227.2
RS,2,932.5
RS,3,697.5999999999999
RS,4,525.9
RS,5,853.3
RS,6,630.1
RS,7,663.0
RS,8,623.1
RS,9,486.8
SE,0,34.8
SE,1,670.6
SE,2,3547.1
SE,3,1943.6
SE,4,640.0
SE,5,1746.8
SE,6,160.3
SE,7,843.3
SE,8,557.7
SE,9,425.1
SI,0,24.4
SI,1,72.4
SI,2,449.5
SI,3,282.3
SI,4,147.7
SI,5,267.29999999999995
SI,6,58.9
SI,7,263.8
SI,8,168.1
SI,9,213.4
SK,0,28.0
SK,1,286.4
SK,2,864.4
SK,3,810.5
SK,4,506.59999999999997
SK,5,878.2
SK,6,48.6
SK,7,726.9
SK,8,622.4
SK,9,311.4
TR,0,441.2
TR,1,3604.6
TR,2,7515.6
TR,3,4336.299999999999
TR,4,4443.700000000001
TR,5,12445.3
TR,6,6919.1
TR,7,8284.599999999999
TR,8,6056.0
TR,9,9158.8
