country_iso3,country_name,ict_use_work,numeracy_use_work,reading_use_work,task_profile_ratio,task_profile_pc1,n_respondents,cycle,cycle1_flag
AUT,Austria,1.8892721697006492,1.880471754426699,1.7636780467586952,0.5184397658642061,-0.995797059576685,3529,2,False
BEL,Belgium,2.1633171835123415,1.9794327910992566,2.022353010583787,0.540587950160278,0.8047784277337463,2855,2,False
CAN,Canada,2.1854900101387584,2.175851896238294,2.060974556179814,0.5158318460014857,1.8009743709382955,9785,2,False
CHE,Switzerland,2.1542745384595974,2.0900526000640487,2.2065245493590795,0.5013931935910512,1.6227671055203137,5509,2,False
CHL,Chile,1.9941536569620533,1.897166671357577,1.5986055460649466,0.570447252547927,-0.9254304175007201,3769,2,False
CZE,Czechia,1.731003959893164,1.8512581076616854,1.7496269990822888,0.4807162429734917,-1.6446436559477313,3967,2,False
DEU,Germany,1.9120106346786465,2.001153640780618,2.092654233497888,0.4670494301141624,0.2540470833470022,3884,2,False
DNK,Denmark,2.052120713150313,1.9923967291434048,2.074029788058861,0.5046496486458554,0.6166619992303488,3640,2,False
ESP,Spain,2.273960791192621,1.922469583358926,1.734927792809898,0.6217428836170455,0.3302248598966014,4466,2,False
EST,Estonia,1.8984286775944619,2.030384738179278,1.9718854052834867,0.4743379655906838,0.09702848698538726,5617,2,False
FIN,Finland,1.858340930610506,2.196851547125765,2.2042644562025053,0.4222431149747398,1.1558952470040949,3346,2,False
FRA,France,2.0073029092181955,2.0952117855340124,1.776703463842783,0.5184263549005318,0.3280186588485526,4958,2,False
GBR,United Kingdom,2.2490821858613135,2.2167083966541163,2.195106478420079,0.5097861650016513,2.4441356003144565,4007,2,False
HRV,Croatia,1.9407008030703345,1.8225948986445422,1.249379681025983,0.6317437702490619,-2.112137684325051,2903,2,False
HUN,Hungary,1.9106653286716304,1.7969869738881958,1.3288648088941035,0.6112462974719038,-2.1581015090947933,3688,2,False
IRL,Ireland,2.2091293189355703,2.133992716211355,2.073847851645168,0.5250030944164081,1.7194047283629166,3136,2,False
ISR,Israel,2.10254454847106,1.8912742566547582,1.6528163141641672,0.5932536165364504,-0.504121987749703,4504,2,False
ITA,Italy,1.8689377394423619,1.809611499770392,1.4747388138403443,0.5690433604774932,-1.9426528028369392,3060,2,False
JPN,Japan,1.730163010123888,1.9478510586993854,1.9564093238207079,0.44314744423042685,-0.8165909600188562,4398,2,False
KOR,Korea,1.931068244635587,1.8754157176697266,1.5618275484321558,0.5618072667942348,-1.290019039698899,4817,2,False
LTU,Lithuania,1.755478607070563,1.8827232953671063,1.3359038716259066,0.5454122257691034,-2.2578741785396996,4721,2,False
LVA,Latvia,2.050308932677977,1.917529296408494,1.6623195996877176,0.5727361662984763,-0.5347306316686066,5244,2,False
NOR,Norway,1.9560073447548638,2.0707758805276146,2.266691361041625,0.45095610775084627,1.0401093351686075,3396,2,False
NZL,New Zealand,2.3086757095522312,2.3728719158852796,2.265350234830877,0.49775013669747664,3.446175066691536,4179,2,False
POL,Poland,1.7469478377611545,1.9693838769790168,1.494194845785553,0.5043765358296145,-1.593609790034222,3607,2,False
PRT,Portugal,2.0812075888523656,1.9483718179912903,1.687813979281782,0.5723600786332619,-0.25387453576623686,2477,2,False
SGP,Singapore,2.038665381345322,2.0691581406999004,1.9612044160301585,0.5058267966342328,0.6815426242210872,4124,2,False
SVK,Slovakia,1.7084841637358223,1.8588874860618207,1.626182606595671,0.49022949849282416,-1.928386585288941,4028,2,False
SWE,Sweden,1.9057837422355475,1.907837231168907,2.1326093215108046,0.47167651332291244,-0.08940020952370291,3161,2,False
USA,United States,2.130596023069521,2.299797832165773,2.139556739345149,0.4799337355800302,2.3226245261473237,2927,2,False
NLD,Netherlands,2.036882172403784,1.950755997605839,2.071068509776722,0.5064572481133457,0.3829829271605166,4043,1,True
