country_iso3,country_name,task_profile_ratio,dualization_gap_raw,z_task_profile,z_dualization,cluster,cluster_label,diagnostic_case,ict_use_work,numeracy_use_work,reading_use_work,task_profile_pc1,eprc,ept,year,temp_share,cycle,cycle1_flag,invol_temp_share_pct_2022,invol_temp_share_pct_2024,dualization_gap_weighted_2022,dualization_gap_weighted_2024,dualization_gap_weighted,invol_temp_share_pct,pc_sal_temp_rate_2022,pc_sal_temp_rate_2024,dualization_gap_weighted_uncond_2022,dualization_gap_weighted_uncond_2024
AUT,Austria,0.5184397658642061,0.32840848,-0.6957904021783564,-0.5619040519981263,3,Liberal,False,1.8892721697006487,1.880471754426699,1.7636780467586952,-0.995797059576685,1.800630689,1.472222209,2019,7.4,2,False,3.3,2.9,0.0108374798399999,0.00952384592,0.00952384592,2.9,8.7,8.4,0.00094286074608,0.00080000305728
BEL,Belgium,0.540587950160278,0.8184192180000003,0.5029366761405415,0.3810427474027623,2,Continental,False,2.163317183512341,1.9794327910992568,2.022353010583787,0.8047784277337463,2.709881306,1.891462088,2019,9.5,2,False,28.7,20.7,0.2348863155660001,0.169412778126,0.169412778126,20.7,9.7,9.7,0.022783972609902003,0.016433039478222004
CAN,Canada,0.5158318460014857,1.234654516,1.1661507767692734,1.1820205864777389,2,Continental,False,2.1854900101387584,2.175851896238294,2.060974556179814,1.8009743709382957,1.675306797,0.440652281,2019,,2,False,,,,,,,,,,
CHE,Switzerland,0.5013931935910512,0.442952395,1.0475098888336107,-0.3414827231086002,1,Nordic,False,2.1542745384595974,2.0900526000640487,2.2065245493590795,1.6227671055203137,1.606973529,1.164021134,2019,11.0,2,False,11.7,10.5,0.0518254302149999,0.0465100014749999,0.0465100014749999,10.5,13.6,12.7,0.00704825850924,0.005906770187325
CHL,Chile,0.570447252547927,0.2712466720000002,-0.6489440467429453,-0.6719027514583978,3,Liberal,False,1.9941536569620533,1.897166671357577,1.5986055460649466,-0.92543041750072,2.341765881,2.070519209,2019,,2,False,,,,,,,,,,
CZE,Czechia,0.4807162429734917,1.017449617,-1.1277578427141772,0.7640447168831361,4,Southern,False,1.731003959893164,1.8512581076616847,1.7496269990822888,-1.644643655947731,3.025262117,2.0078125,2019,6.3,2,False,26.6,19.2,0.270641598122,0.195350326464,0.195350326464,19.2,6.1,7.6,0.016509137485442003,0.014846624811264001
DEU,Germany,0.4670494301141624,0.6634812359999998,0.1362891348139158,0.0828895378856825,2,Continental,True,1.9120106346786463,2.001153640780618,2.092654233497888,0.2540470833470022,2.332411051,1.668929815,2019,10.6,2,False,5.6,5.2,0.0371549492159999,0.0345010242719999,0.0345010242719999,5.2,12.3,11.4,0.004570058753567998,0.003933116767007999
DNK,Denmark,0.5046496486458554,0.3336503510000002,0.3776987961888937,-0.5518169149233414,1,Nordic,False,2.052120713150313,1.9923967291434048,2.074029788058861,0.6166619992303488,1.937693,1.604042649,2019,11.7,2,False,12.4,13.9,0.041372643524,0.046377398789,0.046377398789,13.9,10.9,12.6,0.004509618144116002,0.0058435522474140035
ESP,Spain,0.6217428836170455,-0.0356626509999999,0.1870042334919127,-1.2625003473607623,1,Nordic,False,2.273960791192621,1.922469583358926,1.734927792809898,0.3302248598966014,2.430514097,2.466176748,2019,13.2,2,False,63.4,54.7,-0.0226101207339999,-0.0195074700969999,-0.0195074700969999,54.7,21.4,16.0,-0.004838565837075986,-0.003121195215519992
EST,Estonia,0.4743379655906838,-0.559391022,0.031754532080072,-2.2703313047098868,1,Nordic,False,1.8984286775944617,2.030384738179278,1.9718854052834869,0.0970284869853872,1.934222698,2.49361372,2019,3.0,2,False,,,,,,,3.2,3.9,,
FIN,Finland,0.4222431149747398,0.8716782330000001,0.7366915183445022,0.4835311498783295,2,Continental,False,1.858340930610506,2.196851547125765,2.2042644562025053,1.1558952470040949,2.47975111,1.608072877,2019,12.5,2,False,21.0,16.4,0.18305242893,0.142955230212,0.142955230212,16.4,15.9,15.1,0.02910533619987,0.021586239762012002
FRA,France,0.5184263549005318,0.0944950580000001,0.1855354625599803,-1.0120327849154225,1,Nordic,False,2.0073029092181955,2.0952117855340124,1.776703463842783,0.3280186588485526,2.675937176,2.581442118,2019,13.2,2,False,27.7,23.8,0.026175131066,0.022489823804,0.022489823804,23.8,16.0,15.2,0.0041880209705600045,0.0034184532182080043
GBR,United Kingdom,0.5097861650016513,1.489025324,1.5943332033387374,1.671516266192043,2,Continental,False,2.249082185861313,2.2167083966541163,2.195106478420079,2.4441356003144565,1.901723742,0.412698418,2019,,2,False,,,,,,,,,,
HUN,Hungary,0.6112462974719038,0.27244997,-1.469590682537102,-0.6695871981249008,3,Liberal,False,1.9106653286716304,1.7969869738881958,1.3288648088941035,-2.1581015090947933,1.89233458,1.61988461,2019,4.0,2,False,24.3,22.7,0.0662053427099999,0.0618461431899999,0.0618461431899999,22.7,5.4,4.7,0.00357508850634,0.0029067687299299994
IRL,Ireland,0.5250030944164081,1.277786553,1.1118460614085433,1.2650212497015534,2,Continental,False,2.2091293189355703,2.133992716211355,2.073847851645168,1.7194047283629166,2.134929419,0.857142866,2019,6.5,2,False,19.0,14.6,0.24277944507,0.186556836738,0.186556836738,14.6,8.3,7.3,0.020150693940810004,0.013618649081873999
ISR,Israel,0.5932536165364504,1.3515625000000002,-0.3684593757998002,1.4069911856673645,4,Southern,False,2.10254454847106,1.8912742566547585,1.6528163141641672,-0.504121987749703,2.832093239,1.480530739,2019,,2,False,,,,,,,,,,
ITA,Italy,0.5690433604774932,0.0353157520000002,-1.3261564305436797,-1.125913834565942,3,Liberal,False,1.8689377394423616,1.809611499770392,1.4747388138403443,-1.9426528028369392,2.855566263,2.820250511,2019,10.8,2,False,50.6,52.2,0.0178697705120001,0.0184348225440001,0.0184348225440001,52.2,16.9,14.8,0.003019991216528017,0.0027283537365120156
JPN,Japan,0.4431474442304268,0.732204914,-0.5764845437715185,0.2151371953097886,4,Southern,False,1.730163010123888,1.947851058699385,1.956409323820708,-0.8165909600188562,2.080915213,1.348710299,2019,,2,False,,,,,,,,,,
KOR,Korea,0.5618072667942348,0.1615350239999999,-0.8916676964627122,-0.8830251602465031,3,Liberal,False,1.931068244635587,1.8754157176697264,1.5618275484321558,-1.290019039698899,2.350233793,2.188698769,2019,,2,False,,,,,,,,,,
LTU,Lithuania,0.5454122257691034,0.5230233669999997,-1.5360140018495407,-0.1873990246972444,3,Liberal,False,1.755478607070563,1.8827232953671065,1.3359038716259066,-2.2578741785397,2.243927956,1.720904589,2019,1.6,2,False,20.6,20.3,0.1077428136019999,0.1061737435009999,0.1061737435009999,20.3,1.9,1.6,0.002047113458437999,0.0016987798960159993
LVA,Latvia,0.5727361662984763,1.0069800619999998,-0.3888369776025537,0.743897743331708,4,Southern,False,2.050308932677977,1.917529296408494,1.6623195996877176,-0.5347306316686066,2.708120823,1.701140761,2019,2.2,2,False,,,,,,,2.7,2.3,,
NOR,Norway,0.4509561077508462,-0.09709382,0.6596074367365903,-1.380714744923628,1,Nordic,False,1.956007344754864,2.070775880527614,2.266691361041625,1.0401093351686077,2.373485327,2.470579147,2019,7.8,2,False,30.0,28.3,-0.029128146,-0.02747755106,-0.02747755106,28.3,8.5,8.3,-0.00247589241,-0.0022806367379800004
NZL,New Zealand,0.4977501366974766,1.0705249310000002,2.261437609877476,0.8661796163503747,2,Continental,False,2.3086757095522312,2.37287191588528,2.265350234830877,3.446175066691536,2.085777998,1.015253067,2019,,2,False,,,,,,,,,,
POL,Poland,0.5043765358296145,0.5808784960000002,-1.0937822180247627,-0.076066140560579,4,Southern,False,1.7469478377611545,1.9693838769790168,1.494194845785553,-1.593609790034222,2.385318041,1.804439545,2019,12.8,2,False,27.2,19.2,0.157998950912,0.111528671232,0.111528671232,19.2,15.3,14.9,0.024173839489536008,0.016617772013568007
PRT,Portugal,0.5723600786332619,0.5808145999999996,-0.2018579758101919,-0.0761890981286947,3,Liberal,False,2.0812075888523656,1.9483718179912903,1.687813979281782,-0.2538745357662368,2.871757984,2.290943384,2019,13.1,2,False,54.3,36.9,0.3153823277999997,0.2143205873999998,0.2143205873999998,36.9,16.7,16.0,0.05266884874259995,0.03429129398399998
SVK,Slovakia,0.4902294984928241,0.0859372620000002,-1.3166587441647997,-1.0285008859637013,3,Liberal,False,1.7084841637358223,1.8588874860618207,1.626182606595671,-1.928386585288941,2.33060503,2.244667768,2019,3.3,2,False,52.8,43.0,0.0453748743360001,0.03695302266,0.03695302266,43.0,4.3,3.8,0.0019511195964480043,0.001404214861080003
SWE,Sweden,0.4716765133229124,0.9969774480000002,-0.0923597459694175,0.7246493225819118,4,Southern,False,1.905783742235548,1.907837231168907,2.1326093215108046,-0.0894002095237029,2.54440546,1.547428012,2019,11.5,2,False,19.9,17.9,0.198398512152,0.178458963192,0.178458963192,17.9,14.8,12.6,0.029362979798496006,0.022485829362192004
USA,United States,0.4799337355800302,1.040078104,1.5134376141527868,0.8075895981219113,2,Continental,False,2.130596023069521,2.299797832165773,2.139556739345149,2.322624526147324,1.310865164,0.27078706,2019,,2,False,,,,,,,,,,
NLD,Netherlands,0.5064572481133457,1.402418852,0.2221277394347221,1.5048560499014307,2,Continental,False,2.036882172403784,1.950755997605839,2.071068509776722,0.3829829271605166,2.880872488,1.478453636,2019,21.7,1,True,13.7,13.2,0.192131382724,0.185119288464,0.185119288464,13.2,27.4,26.0,0.05264399886637599,0.04813101500064001
