"term","estimate","se","df","p","model"
"(Intercept)",3.52722525169086,0.0289246897927776,25.9877371949786,2.23613928603418e-37,"M0_RD"
"(Intercept)",3.5675344497963,0.0333189030294286,41.0314188399245,7.50459779261618e-52,"M1_RD"
"aiie_cwc",-0.0137624799109089,0.00393620113811846,45428.8644322861,0.000472055253020724,"M1_RD"
"edu2Low",0.00249174089333945,0.0145536864627968,45367.5902491954,0.864059179546662,"M1_RD"
"sex2Female",0.0350326693371024,0.00772770096736445,45434.0104488193,5.81929062056116e-06,"M1_RD"
"agegrp2",0.100783042973983,0.0139553415780581,45430.4202323822,5.20968458597818e-13,"M1_RD"
"agegrp3",0.115862386741351,0.0139571724367242,45434.0937303933,1.05799819969726e-16,"M1_RD"
"agegrp4",0.101232331976396,0.0139371129079494,45436.2820608533,3.83214891318859e-13,"M1_RD"
"agegrp5",0.0990330933267884,0.0140783137453344,45438.0711860521,2.02879703986695e-12,"M1_RD"
"dem_income_decile",-0.0210353148414135,0.00137079121612286,45443.2977505137,5.16762629871537e-53,"M1_RD"
"stdworkerStandard",-0.0562217199264997,0.0107716579463804,45452.6235117671,1.80279266532092e-07,"M1_RD"
"stdworkerNonStandard",-0.0481740958456174,0.012623817098363,45442.4188099014,0.00013574195688838,"M1_RD"
"(Intercept)",3.5678387600492,0.0333159096114607,41.0307876436273,7.46202321376205e-52,"M2_RD"
"aiie_cwc",-0.013921699583945,0.00606650656303092,26.1920367084243,0.0299997759551155,"M2_RD"
"edu2Low",0.00218526888167217,0.0145464813558922,39874.4865048596,0.88058657593862,"M2_RD"
"sex2Female",0.0349443113564075,0.00773161716684905,45261.5383040488,6.20945073831796e-06,"M2_RD"
"agegrp2",0.101504289562988,0.0139538243395284,45429.0569697662,3.53831365566562e-13,"M2_RD"
"agegrp3",0.116079356320812,0.0139556077296813,45421.8757713521,9.21036334454194e-17,"M2_RD"
"agegrp4",0.100917018268781,0.0139366970576078,45388.1520296992,4.52104177067042e-13,"M2_RD"
"agegrp5",0.0988833953062662,0.0140792137162868,45390.9320149888,2.19632477129808e-12,"M2_RD"
"dem_income_decile",-0.02107158220931,0.00137071622692237,45422.4900295795,3.39971676297653e-53,"M2_RD"
"stdworkerStandard",-0.0565879673469885,0.0107688126795731,45411.7208434,1.48852300810211e-07,"M2_RD"
"stdworkerNonStandard",-0.0478502894351991,0.0126204842732669,45431.1960019712,0.000149946919072801,"M2_RD"
"(Intercept)",3.60323204008656,0.0340054183283108,34.6758094353177,3.83295040945175e-45,"M3_RD"
"aiie_cwc",-0.0182520432761291,0.00562150930984424,23.6613480073243,0.00347036378746605,"M3_RD"
"edu2Low",0.000674268616776284,0.0165591899661092,37335.18531856,0.967520374693435,"M3_RD"
"sex2Female",0.0290581781276993,0.00840130633624385,38729.7407212932,0.000543233300461012,"M3_RD"
"agegrp2",0.0844487741497122,0.0153773615611493,39009.1030293375,4.00426698377238e-08,"M3_RD"
"agegrp3",0.0797560037251212,0.0153923850900503,38997.5196556191,2.21174836211629e-07,"M3_RD"
"agegrp4",0.0620982011380659,0.0153556540412052,38943.6200335487,5.26489494782504e-05,"M3_RD"
"agegrp5",0.0569615191743381,0.0154232969753652,38964.4841642374,0.000221740836067249,"M3_RD"
"dem_income_decile",-0.0259765197916336,0.00150506365251789,38993.2310118816,1.68078221226426e-66,"M3_RD"
"stdworkerStandard",-0.0608458530090512,0.0118623183088847,39020.6313766593,2.92149997194682e-07,"M3_RD"
"stdworkerNonStandard",-0.0512456919749432,0.0141986205421426,39009.5879968246,0.000307524431249277,"M3_RD"
"z_task_profile",0.0207773797557598,0.0372808501844194,22.6754884233583,0.582768773092752,"M3_RD"
"z_dualization",0.000899723688985832,0.0289460713310656,19.2396340748809,0.975523724409067,"M3_RD"
"gdp_z",-0.0405240877760143,0.02192881730116,102.866849030227,0.067477772148079,"M3_RD"
"(Intercept)",3.5759418231281,0.0339782974667294,33.1122085984853,2.10745843110439e-43,"M4_RD"
"aiie_cwc",-0.0178729357386023,0.00582396255712792,21.2918440021679,0.00576312619550038,"M4_RD"
"edu2Low",0.00120909407271552,0.0165655647098619,37675.1727536669,0.941815735355778,"M4_RD"
"sex2Female",0.0289351420910732,0.00840353472368916,38828.8867188366,0.000575456934557326,"M4_RD"
"agegrp2",0.0843120348146213,0.0153786762575441,39008.1521399509,4.22192883015381e-08,"M4_RD"
"agegrp3",0.0795506595100431,0.0153943941703569,39002.7605115758,2.38402127320567e-07,"M4_RD"
"agegrp4",0.0617882186061464,0.0153578623794206,38959.4510961643,5.75135574746647e-05,"M4_RD"
"agegrp5",0.056580582271559,0.0154254663499693,38976.6276332631,0.000244782134610016,"M4_RD"
"dem_income_decile",-0.0259690560281315,0.00150530523363704,39008.8720254695,1.91902605246731e-66,"M4_RD"
"stdworkerStandard",-0.0609446120391474,0.0118625872795013,39020.801812173,2.79684088435761e-07,"M4_RD"
"stdworkerNonStandard",-0.051340513409028,0.0141993576754423,39010.6658151703,0.000299922853934527,"M4_RD"
"z_task_profile",0.00755898895809748,0.0360080122289232,21.6128169898039,0.835692372872086,"M4_RD"
"z_dualization",-0.0125439935513564,0.0296617522908248,18.5600082501447,0.677226744181919,"M4_RD"
"gdp_z",-0.0398524615358772,0.0212393540055111,83.8006394953967,0.0640881947852865,"M4_RD"
"aiie_cwc:z_task_profile",-0.00228453897733577,0.00720116721072263,20.0895063103793,0.754330718688378,"M4_RD"
"aiie_cwc:z_dualization",0.00525261879142758,0.00597907819179723,19.5926091743877,0.3903193284927,"M4_RD"
"z_task_profile:z_dualization",0.0786553624113779,0.035586298928038,18.4985287026436,0.0399048930045425,"M4_RD"
"(Intercept)",3.56921527257012,0.0339189266929819,34.8527493164261,3.18681089230037e-45,"M5_RD"
"aiie_cwc",-0.0278248778338302,0.00719572982496918,51.6847462210699,0.000309917623058226,"M5_RD"
"edu2Low",0.00117535112015711,0.0165646009163531,37639.1505500788,0.943433473100572,"M5_RD"
"sex2Female",0.0291656504636673,0.00840316366464245,38816.7476067195,0.000519485577390663,"M5_RD"
"agegrp2",0.0842704616687195,0.0153776450181328,39006.6066157943,4.27800576633518e-08,"M5_RD"
"agegrp3",0.0800266791591553,0.0153948244693026,38999.9080262403,2.02148242545897e-07,"M5_RD"
"agegrp4",0.0625943762069547,0.0153596058669598,38953.2028986514,4.60541374317362e-05,"M5_RD"
"agegrp5",0.0574434897665612,0.0154291633461712,38971.0339036573,0.000197110343733552,"M5_RD"
"dem_income_decile",-0.0257917949641954,0.00151404658117641,39004.2978691726,7.75706402325433e-65,"M5_RD"
"stdworkerStandard",-0.062191061567268,0.0119024711239329,39013.5816296811,1.74997218950625e-07,"M5_RD"
"stdworkerNonStandard",-0.0520148825065328,0.0142115866537944,39008.5590308979,0.000252514804227932,"M5_RD"
"z_task_profile",0.0146863155260452,0.0359237809086475,21.9629932054232,0.686631626386868,"M5_RD"
"z_dualization",-0.0125448090663685,0.0293887281786917,18.8547717109596,0.674317306087111,"M5_RD"
"gdp_z",-0.0509917114226183,0.0220491693411152,70.6378803007624,0.0236604939148785,"M5_RD"
"wave2024",0.0152105828278255,0.00863973661148182,8785.66546244683,0.0783514539669786,"M5_RD"
"aiie_cwc:z_task_profile",-0.0023579430373329,0.0071262398110762,20.0830485608973,0.74416114658301,"M5_RD"
"aiie_cwc:z_dualization",0.00525725524366047,0.0059161142661983,19.5769146881169,0.384989156947455,"M5_RD"
"z_task_profile:z_dualization",0.0771730948585389,0.0352708740972642,18.7833246588834,0.0415200680254356,"M5_RD"
"aiie_cwc:wave2024",0.0189177807950801,0.00840627182785977,38957.5120062171,0.0244268056453469,"M5_RD"
"(Intercept)",3.35515700005583,0.0375719752558589,94.7124179940894,3.14630163315808e-93,"M7_RD_fear_lin"
"edu2Low",0.0297812042285881,0.02480154877167,17614.907431635,0.229852690810397,"M7_RD_fear_lin"
"sex2Female",0.0196531212147633,0.0121471707367377,17626.6782467282,0.105698251336329,"M7_RD_fear_lin"
"agegrp2",0.0855768660042496,0.0223074278724752,17630.3793327456,0.000125362541733833,"M7_RD_fear_lin"
"agegrp3",0.055753725384171,0.0223942906973446,17631.3222152871,0.0127963916547217,"M7_RD_fear_lin"
"agegrp4",0.050929040584101,0.0226323776535392,17636.7103357339,0.0244438578911513,"M7_RD_fear_lin"
"agegrp5",0.0698999363631845,0.0235650244853742,17636.8688788322,0.00301851739869649,"M7_RD_fear_lin"
"dem_income_decile",-0.0202128689187059,0.00219336009441629,17639.6687672655,3.43944168002815e-20,"M7_RD_fear_lin"
"stdworkerNonStandard",-0.00947750479980344,0.0149985812231541,17640.2648332105,0.527464711357066,"M7_RD_fear_lin"
"z_dualization",-0.0342970517057698,0.0269783736622693,32.8131992612864,0.212567319000601,"M7_RD_fear_lin"
"socx_z",-0.20369330907744,0.0357357227517872,32.4229811947745,2.47867418575124e-06,"M7_RD_fear_lin"
"fear_lin",0.0932255566782801,0.00653396468674048,17629.5421261192,6.25608766284995e-46,"M7_RD_fear_lin"
"z_dualization:fear_lin",0.0276161759936613,0.0060157256451095,17639.8295843969,4.44886410100058e-06,"M7_RD_fear_lin"
"socx_z:fear_lin",0.048409055469317,0.00806497373425768,17640.7794902133,1.98248142765786e-09,"M7_RD_fear_lin"
"(Intercept)",3.50115374927772,0.0346089274803781,67.9144688629908,8.44327696277989e-76,"M7_RD_fear_bin"
"edu2Low",0.028981423096452,0.0248427844118478,17615.0020354923,0.243390488334744,"M7_RD_fear_bin"
"sex2Female",0.0176729375748836,0.0121677149556651,17626.545696737,0.146395692658661,"M7_RD_fear_bin"
"agegrp2",0.0807976509541321,0.0223363874222834,17630.417474126,0.000298511386447833,"M7_RD_fear_bin"
"agegrp3",0.0503737408479266,0.0224216303634957,17631.494664351,0.0246741985205122,"M7_RD_fear_bin"
"agegrp4",0.0420810864985013,0.0226449237764507,17636.7857271605,0.0631429184774115,"M7_RD_fear_bin"
"agegrp5",0.0588412239279404,0.0235623386682191,17636.8935092665,0.0125248509433429,"M7_RD_fear_bin"
"dem_income_decile",-0.0202408241108299,0.00219735823916456,17639.6028565261,3.57095198156394e-20,"M7_RD_fear_bin"
"stdworkerNonStandard",-0.00965719317637745,0.0150232910594341,17640.3075352841,0.520352661949713,"M7_RD_fear_bin"
"z_dualization",0.00556870666459993,0.0242223855364908,21.2046418153654,0.820373365356616,"M7_RD_fear_bin"
"socx_z",-0.141007456856709,0.0321865077748433,21.2163294982798,0.00025592144008531,"M7_RD_fear_bin"
"fear_bin",0.172243380673363,0.0135121149508314,17636.1918059871,4.70135838693483e-37,"M7_RD_fear_bin"
"z_dualization:fear_bin",0.0557085283388367,0.012511844820473,17640.4478530893,8.54116780483791e-06,"M7_RD_fear_bin"
"socx_z:fear_bin",0.107362639852975,0.0169947990920024,17640.9166475144,2.72399478105606e-10,"M7_RD_fear_bin"
