"country","dv","median","q5","q25","q75","q95"
"AUT","RD",-0.0322442601524301,-0.0585949380302339,-0.0423624447501603,-0.0228312431614066,-0.0117999613800196
"BEL","RD",-0.0286906955097575,-0.0547703993142764,-0.03850530602168,-0.0195394475207756,-0.00676492592517723
"CAN","RD",-0.0138693348244619,-0.0353142760543327,-0.0217623137146912,-0.00531138613599493,0.00907651951756314
"CHE","RD",-0.0199606666958818,-0.0439112313837604,-0.0283223480217593,-0.0115364458707817,0.00160954172377067
"CHL","RD",-0.011932864075686,-0.0365289085655315,-0.0209721403108674,-0.00246545671475408,0.0123023661843108
"DEU","RD",-0.0132693444341726,-0.0322254250673397,-0.0210658813181715,-0.00400711633286956,0.0110696498872946
"DNK","RD",-0.0344325219256046,-0.06166742443614,-0.0455055909848442,-0.0237596770939728,-0.00991742157666971
"ESP","RD",-0.0126112642602133,-0.0367303955633359,-0.021252729584617,-0.00319331258975998,0.0117459953048663
"EST","RD",-0.0185716839336435,-0.0438677834389005,-0.0280637059193007,-0.00998660536327465,0.00496749740442842
"FIN","RD",-0.0168951197972034,-0.0388708025369993,-0.0247302287256301,-0.0086615363374156,0.0047811569627723
"FRA","RD",-0.0221111842040481,-0.0456375567843148,-0.0307881872797811,-0.0136753668088827,0.000250761298232958
"GBR","RD",-0.00711657150831628,-0.0291033172779955,-0.0165195407997705,0.0034628469045109,0.0231959678049398
"IRL","RD",-0.0134710661974538,-0.0354019786320041,-0.0217916352390221,-0.00428549276021111,0.010725328207339
"ISR","RD",-0.0360357999293706,-0.0692657409660491,-0.0490839997647693,-0.0248230637896082,-0.0138848296712037
"ITA","RD",-0.0174636531891625,-0.0402639209568355,-0.0260213942593762,-0.00869323616908172,0.00717544703168867
"KOR","RD",-0.0115228791086362,-0.0321650543487348,-0.01994584550444,-0.00150474031744375,0.0157000232504438
"LTU","RD",-0.0067546528272138,-0.0269600159321655,-0.0153335303089695,0.00444959360104502,0.0225119657560635
"LVA","RD",0.00557031881708546,-0.0182108753141846,-0.00558194934271881,0.0184407490176581,0.0389885010510162
"NLD","RD",-0.0295155995532049,-0.0560116568933961,-0.0395274090166993,-0.0207482599785034,-0.00937049250548871
"NOR","RD",-0.0128517161697038,-0.0348401693192773,-0.0212963138981357,-0.00288114826311147,0.0137532623281947
"POL","RD",-0.0161630738174223,-0.0370990395503821,-0.0238622781858446,-0.00767683352093876,0.00700138321393187
"PRT","RD",-0.0282629359431106,-0.0581489773455451,-0.039937319219246,-0.0187044176767238,-0.00746267543012371
"USA","RD",-0.0150196673670323,-0.0369213922878788,-0.0237605422716643,-0.00592407730465644,0.00975499629069278
"_gamma10_fixef","RD",-0.0178530303441698,-0.0280498812868213,-0.0216210561366446,-0.0140746644365417,-0.00811784521236757
"AUT","SI",0.0379657250253899,0.0166893572990315,0.0298906606208426,0.0451239659291584,0.0558124332730978
"BEL","SI",0.0533614937737685,0.0356709284409805,0.0457439015528718,0.0616148856158277,0.076098657662909
"CAN","SI",0.0376135363740842,0.0166244108789565,0.0298254187558539,0.0448014263813322,0.0561514949979923
"CHE","SI",0.0471670510020214,0.0250931151975145,0.0383221851220094,0.0555381585051336,0.0677588212103118
"CHL","SI",0.00697466930813904,-0.0161939893405027,-0.00226240129645337,0.0151185564594677,0.026834106014082
"DEU","SI",0.0376715548229184,0.0201817863643976,0.0308370257606063,0.044601931449319,0.055965432030985
"DNK","SI",0.0466950068834305,0.0270248776943929,0.0392820955533779,0.0540325361036628,0.0652128726652586
"ESP","SI",0.0225162871191916,0.0012756784496674,0.0145945992983601,0.0304618633698716,0.0422856634802124
"EST","SI",0.0469431248939586,0.0259642424889162,0.0378084257217356,0.0570038556039896,0.0738617841013299
"FIN","SI",0.0495927385228019,0.0303249234811212,0.041953542003145,0.0569078295829477,0.0685871090720428
"FRA","SI",0.0369532647970021,0.0153150396427008,0.0284658659975839,0.0442189271410945,0.0547958854201708
"GBR","SI",0.0359694209897215,0.0138809803795582,0.0271301610496866,0.04488318273618,0.0581803571524069
"IRL","SI",0.0228684458605057,0.00167280591751347,0.0144695641530441,0.0312978962102634,0.0433804169838267
"ISR","SI",0.0181103117992733,-0.00437366220768915,0.00923118065057924,0.0271061776739926,0.0399688332882071
"ITA","SI",0.0378426983942418,0.016071540627721,0.0295282622675548,0.046592704233476,0.0605459132209858
"KOR","SI",0.0335421388144422,0.00617798253217093,0.0232745106237238,0.042794760448873,0.0542395909098532
"LTU","SI",0.0648007368117912,0.0441067396981856,0.0548033474321739,0.0750568612289627,0.0918683705883141
"LVA","SI",0.0679830390675548,0.0482456943553662,0.0592016747926463,0.0775548299785678,0.0922870086719654
"NLD","SI",0.0496380141684258,0.0265071441696306,0.0408695685563218,0.0580543865200352,0.0704971104877162
"NOR","SI",0.0461471714579423,0.0258525747240549,0.0377802248959105,0.0552546384143619,0.069352691806347
"POL","SI",0.0326382717438463,0.0113246015555673,0.0247831734455492,0.0401176121086453,0.0504248491620763
"PRT","SI",0.018013224614692,-0.00153606251110799,0.0102084655199393,0.0259279822095793,0.0370950091841878
"USA","SI",0.0372774177091684,0.0151772689146269,0.0288806745121238,0.0451836557477568,0.0574041515175123
"_gamma10_fixef","SI",0.0385881568523044,0.0290280685040222,0.0349163432622146,0.0420297984503623,0.0476818165266625
