"country","z_task_profile","z_dualization","quadrant_signature","pipeline_label","descriptive_quadrant"
"BEL",0.502936676140541,0.381042747402762,"high_task/high_dual","Continental","complementary/deep"
"CAN",1.16615077676927,1.18202058647774,"high_task/high_dual","Continental","complementary/deep"
"DEU",0.136289134813916,0.0828895378856825,"high_task/high_dual","Continental","complementary/deep"
"FIN",0.736691518344502,0.48353114987833,"high_task/high_dual","Continental","complementary/deep"
"GBR",1.59433320333874,1.67151626619204,"high_task/high_dual","Continental","complementary/deep"
"IRL",1.11184606140854,1.26502124970155,"high_task/high_dual","Continental","complementary/deep"
"NLD",0.222127739434722,1.50485604990143,"high_task/high_dual","Continental","complementary/deep"
"USA",1.51343761415279,0.807589598121911,"high_task/high_dual","Continental","complementary/deep"
"CHE",1.04750988883361,-0.3414827231086,"high_task/low_dual","Nordic","complementary/narrow"
"DNK",0.377698796188894,-0.551816914923341,"high_task/low_dual","Nordic","complementary/narrow"
"ESP",0.187004233491913,-1.26250034736076,"high_task/low_dual","Nordic","complementary/narrow"
"EST",0.031754532080072,-2.27033130470989,"high_task/low_dual","Nordic","complementary/narrow"
"FRA",0.18553546255998,-1.01203278491542,"high_task/low_dual","Nordic","complementary/narrow"
"NOR",0.65960743673659,-1.38071474492363,"high_task/low_dual","Nordic","complementary/narrow"
"ISR",-0.3684593757998,1.40699118566736,"low_task/high_dual","Southern","displacement/deep"
"LVA",-0.388836977602554,0.743897743331708,"low_task/high_dual","Southern","displacement/deep"
"POL",-1.09378221802476,-0.076066140560579,"low_task/high_dual","Southern","displacement/deep"
"AUT",-0.695790402178356,-0.561904051998126,"low_task/low_dual","Liberal","displacement/narrow"
"CHL",-0.648944046742945,-0.671902751458398,"low_task/low_dual","Liberal","displacement/narrow"
"ITA",-1.32615643054368,-1.12591383456594,"low_task/low_dual","Liberal","displacement/narrow"
"KOR",-0.891667696462712,-0.883025160246503,"low_task/low_dual","Liberal","displacement/narrow"
"LTU",-1.53601400184954,-0.187399024697244,"low_task/low_dual","Liberal","displacement/narrow"
"PRT",-0.201857975810192,-0.0761890981286947,"low_task/low_dual","Liberal","displacement/narrow"
