"label","dv","n","countries","expect","n_flag","isSingular","fallback","used"
"M5w_cond","RD",25570,15,15,FALSE,TRUE,TRUE,"rand-INTERCEPT fallback (#23)"
"M5w_uncond","RD",25570,15,15,FALSE,TRUE,TRUE,"rand-INTERCEPT fallback (#23)"
"welfare_SOCX_RD","RD",39041,23,23,FALSE,FALSE,FALSE,"rand-slope"
"welfare_CWEP_RD","RD",28904,17,17,FALSE,TRUE,TRUE,"rand-INTERCEPT fallback (#23)"
"WeMix_RD","RD",39041,23,23,FALSE,NA,FALSE,"WeMix pseudo-ML (L1=weight,L2=1)"
"M6w_cond","SI",25868,15,15,FALSE,FALSE,FALSE,"rand-slope"
"M6w_uncond","SI",25868,15,15,FALSE,FALSE,FALSE,"rand-slope"
"welfare_SOCX_SI","SI",39453,23,23,FALSE,FALSE,FALSE,"rand-slope"
"welfare_CWEP_SI","SI",29169,17,17,FALSE,TRUE,TRUE,"rand-INTERCEPT fallback (#23)"
"WeMix_SI","SI",39453,23,23,FALSE,NA,FALSE,"WeMix pseudo-ML (L1=weight,L2=1)"
"RD single-item q20","RD_single",39547,23,23,FALSE,FALSE,FALSE,"rand-slope"
"RD WTP q19d+e","RD_wtp",40555,23,23,FALSE,FALSE,FALSE,"rand-slope"
"SI single q42a [C7 scale-component]","SI_single",39231,23,23,FALSE,FALSE,FALSE,"rand-slope"
"SI WTP q19b+c","SI_wtp",40555,23,23,FALSE,TRUE,TRUE,"rand-INTERCEPT fallback (#23)"
