"rung_label","dv","term","est","se","df","p","df_basis","isSingular","fallback","n","countries"
"M5w_cond","RD","(Intercept)",3.60967892453531,0.0567315167151472,26.9677057684391,6.28203829865733e-31,"Satterthwaite (random-INTERCEPT fallback #23; L2xL1 df basis differs from rand-slope)",TRUE,TRUE,25570,15
"M5w_cond","RD","aiie_cwc",-0.0252196549724284,0.00973904949319713,25540.3963906765,0.00961588770829754,"Satterthwaite (random-INTERCEPT fallback #23; L2xL1 df basis differs from rand-slope)",TRUE,TRUE,25570,15
"M5w_cond","RD","edu2Low",0.0248877449096575,0.0200705601946822,25550.1323695894,0.214982169987315,"Satterthwaite (random-INTERCEPT fallback #23; L2xL1 df basis differs from rand-slope)",TRUE,TRUE,25570,15
"M5w_cond","RD","sex2Female",0.033720295629071,0.0104302249303543,25541.9194387167,0.00122678593877328,"Satterthwaite (random-INTERCEPT fallback #23; L2xL1 df basis differs from rand-slope)",TRUE,TRUE,25570,15
"M5w_cond","RD","agegrp2",0.104163715752103,0.0190635468862613,25539.6111616747,4.69801853278658e-08,"Satterthwaite (random-INTERCEPT fallback #23; L2xL1 df basis differs from rand-slope)",TRUE,TRUE,25570,15
"M5w_cond","RD","agegrp3",0.075745786325215,0.0190972498098366,25541.4756896125,7.31901483338004e-05,"Satterthwaite (random-INTERCEPT fallback #23; L2xL1 df basis differs from rand-slope)",TRUE,TRUE,25570,15
"M5w_cond","RD","agegrp4",0.077501061097405,0.0189926275693929,25540.7997597678,4.50586067261676e-05,"Satterthwaite (random-INTERCEPT fallback #23; L2xL1 df basis differs from rand-slope)",TRUE,TRUE,25570,15
"M5w_cond","RD","agegrp5",0.0820292143282894,0.0190333415118575,25539.9313334488,1.64039762432422e-05,"Satterthwaite (random-INTERCEPT fallback #23; L2xL1 df basis differs from rand-slope)",TRUE,TRUE,25570,15
"M5w_cond","RD","dem_income_decile",-0.0347014755900941,0.00190035992185674,25549.3315985389,5.0549004328329e-74,"Satterthwaite (random-INTERCEPT fallback #23; L2xL1 df basis differs from rand-slope)",TRUE,TRUE,25570,15
"M5w_cond","RD","stdworkerStandard",-0.0974064170906441,0.0151755431835556,25542.4393007836,1.3990536674569e-10,"Satterthwaite (random-INTERCEPT fallback #23; L2xL1 df basis differs from rand-slope)",TRUE,TRUE,25570,15
"M5w_cond","RD","stdworkerNonStandard",-0.0733392012550561,0.0179936611700695,25543.2412931096,4.59880441403403e-05,"Satterthwaite (random-INTERCEPT fallback #23; L2xL1 df basis differs from rand-slope)",TRUE,TRUE,25570,15
"M5w_cond","RD","z_task_profile",0.078018343844687,0.0645387006559949,20.0417074065991,0.240785284043966,"Satterthwaite (random-INTERCEPT fallback #23; L2xL1 df basis differs from rand-slope)",TRUE,TRUE,25570,15
"M5w_cond","RD","dualization_gap_weighted_cond",0.203477059103835,0.27449360668876,111.22402525591,0.46008498999639,"Satterthwaite (random-INTERCEPT fallback #23; L2xL1 df basis differs from rand-slope)",TRUE,TRUE,25570,15
"M5w_cond","RD","gdp_z",-0.0344100849453889,0.0292440975126384,178.877269083005,0.240898412665933,"Satterthwaite (random-INTERCEPT fallback #23; L2xL1 df basis differs from rand-slope)",TRUE,TRUE,25570,15
"M5w_cond","RD","wave2024",-0.00106328789967496,0.0119570238727331,1454.39480282537,0.929153123365586,"Satterthwaite (random-INTERCEPT fallback #23; L2xL1 df basis differs from rand-slope)",TRUE,TRUE,25570,15
"M5w_cond","RD","aiie_cwc:z_task_profile",-0.00391877454585832,0.00654962997206465,25538.0395246645,0.549631746327112,"Satterthwaite (random-INTERCEPT fallback #23; L2xL1 df basis differs from rand-slope)",TRUE,TRUE,25570,15
"M5w_cond","RD","aiie_cwc:dualization_gap_weighted_cond",-0.0405480335932367,0.0578167948979629,25540.433613831,0.483110167310461,"Satterthwaite (random-INTERCEPT fallback #23; L2xL1 df basis differs from rand-slope)",TRUE,TRUE,25570,15
"M5w_cond","RD","z_task_profile:dualization_gap_weighted_cond",-0.9350705978277,0.382764992253879,221.348464115022,0.0153517409331001,"Satterthwaite (random-INTERCEPT fallback #23; L2xL1 df basis differs from rand-slope)",TRUE,TRUE,25570,15
"M5w_cond","RD","aiie_cwc:wave2024",0.0187884800145991,0.010631749785849,25538.0368539163,0.0772058651681886,"Satterthwaite (random-INTERCEPT fallback #23; L2xL1 df basis differs from rand-slope)",TRUE,TRUE,25570,15
"M5w_uncond","RD","(Intercept)",3.64328882648783,0.0553789322197549,25.3214488023031,7.87086028270244e-30,"Satterthwaite (random-INTERCEPT fallback #23; L2xL1 df basis differs from rand-slope)",TRUE,TRUE,25570,15
"M5w_uncond","RD","aiie_cwc",-0.0219326856363223,0.00903974985239117,25540.3377108102,0.0152626680517708,"Satterthwaite (random-INTERCEPT fallback #23; L2xL1 df basis differs from rand-slope)",TRUE,TRUE,25570,15
"M5w_uncond","RD","edu2Low",0.0240106540268465,0.0200730712521809,25548.8529028547,0.231644272976933,"Satterthwaite (random-INTERCEPT fallback #23; L2xL1 df basis differs from rand-slope)",TRUE,TRUE,25570,15
"M5w_uncond","RD","sex2Female",0.0337531227270385,0.0104293030867812,25542.0655828479,0.00121212983732638,"Satterthwaite (random-INTERCEPT fallback #23; L2xL1 df basis differs from rand-slope)",TRUE,TRUE,25570,15
"M5w_uncond","RD","agegrp2",0.104365116296036,0.0190623781172913,25540.3846458226,4.4181260381073e-08,"Satterthwaite (random-INTERCEPT fallback #23; L2xL1 df basis differs from rand-slope)",TRUE,TRUE,25570,15
"M5w_uncond","RD","agegrp3",0.075758038687253,0.0190958550686239,25541.4734913815,7.29050079909799e-05,"Satterthwaite (random-INTERCEPT fallback #23; L2xL1 df basis differs from rand-slope)",TRUE,TRUE,25570,15
"M5w_uncond","RD","agegrp4",0.0776499737031839,0.0189912865704609,25540.4119524158,4.35095094126014e-05,"Satterthwaite (random-INTERCEPT fallback #23; L2xL1 df basis differs from rand-slope)",TRUE,TRUE,25570,15
"M5w_uncond","RD","agegrp5",0.082211221384431,0.0190308133165254,25539.3170002017,1.56688454839138e-05,"Satterthwaite (random-INTERCEPT fallback #23; L2xL1 df basis differs from rand-slope)",TRUE,TRUE,25570,15
"M5w_uncond","RD","dem_income_decile",-0.0347850039030049,0.00190031213899828,25545.7525315378,2.26279803459373e-74,"Satterthwaite (random-INTERCEPT fallback #23; L2xL1 df basis differs from rand-slope)",TRUE,TRUE,25570,15
"M5w_uncond","RD","stdworkerStandard",-0.0971281260450605,0.0151754944783796,25545.2845854264,1.57734102577637e-10,"Satterthwaite (random-INTERCEPT fallback #23; L2xL1 df basis differs from rand-slope)",TRUE,TRUE,25570,15
"M5w_uncond","RD","stdworkerNonStandard",-0.0732349087921657,0.0179940077749034,25542.066424459,4.71623941025981e-05,"Satterthwaite (random-INTERCEPT fallback #23; L2xL1 df basis differs from rand-slope)",TRUE,TRUE,25570,15
"M5w_uncond","RD","z_task_profile",0.0661131686293336,0.0612472712013896,17.774890701858,0.294818947826253,"Satterthwaite (random-INTERCEPT fallback #23; L2xL1 df basis differs from rand-slope)",TRUE,TRUE,25570,15
"M5w_uncond","RD","dualization_gap_weighted_uncond",-0.39060270994642,1.64193200415968,90.0469705256466,0.81250522718792,"Satterthwaite (random-INTERCEPT fallback #23; L2xL1 df basis differs from rand-slope)",TRUE,TRUE,25570,15
"M5w_uncond","RD","gdp_z",-0.0389166264508822,0.0291851803733845,179.641116268767,0.184076491764195,"Satterthwaite (random-INTERCEPT fallback #23; L2xL1 df basis differs from rand-slope)",TRUE,TRUE,25570,15
"M5w_uncond","RD","wave2024",-0.00556752020909848,0.0118531825924024,1329.17524846904,0.638641570263219,"Satterthwaite (random-INTERCEPT fallback #23; L2xL1 df basis differs from rand-slope)",TRUE,TRUE,25570,15
"M5w_uncond","RD","aiie_cwc:z_task_profile",-0.00328236228525156,0.00654654232056006,25538.4138435914,0.616101918972458,"Satterthwaite (random-INTERCEPT fallback #23; L2xL1 df basis differs from rand-slope)",TRUE,TRUE,25570,15
"M5w_uncond","RD","aiie_cwc:dualization_gap_weighted_uncond",-0.518250578008259,0.334959887580802,25540.0979439684,0.121826955624664,"Satterthwaite (random-INTERCEPT fallback #23; L2xL1 df basis differs from rand-slope)",TRUE,TRUE,25570,15
"M5w_uncond","RD","z_task_profile:dualization_gap_weighted_uncond",-7.97714079031674,2.6847450769314,270.554140269515,0.00323216423989463,"Satterthwaite (random-INTERCEPT fallback #23; L2xL1 df basis differs from rand-slope)",TRUE,TRUE,25570,15
"M5w_uncond","RD","aiie_cwc:wave2024",0.0179921561719247,0.010615290650115,25538.4722770478,0.0901012207797924,"Satterthwaite (random-INTERCEPT fallback #23; L2xL1 df basis differs from rand-slope)",TRUE,TRUE,25570,15
"welfare_SOCX_RD","RD","(Intercept)",3.60033924375786,0.0283298434328385,43.0052071780453,4.9671314144801e-57,"Satterthwaite (random-slope; L2xL1 ~20 between-country df)",FALSE,FALSE,39041,23
"welfare_SOCX_RD","RD","aiie_cwc",-0.0177719626323085,0.00580499367447921,21.3445072782978,0.00585070858856361,"Satterthwaite (random-slope; L2xL1 ~20 between-country df)",FALSE,FALSE,39041,23
"welfare_SOCX_RD","RD","edu2Low",0.00137297760567419,0.0165518680368462,36568.8582000853,0.933891743455722,"Satterthwaite (random-slope; L2xL1 ~20 between-country df)",FALSE,FALSE,39041,23
"welfare_SOCX_RD","RD","sex2Female",0.029017013196227,0.00840275595622827,38801.7497003949,0.00055441814936294,"Satterthwaite (random-slope; L2xL1 ~20 between-country df)",FALSE,FALSE,39041,23
"welfare_SOCX_RD","RD","agegrp2",0.0842901900584313,0.0153783205927691,39009.8029944145,4.25289667078449e-08,"Satterthwaite (random-slope; L2xL1 ~20 between-country df)",FALSE,FALSE,39041,23
"welfare_SOCX_RD","RD","agegrp3",0.0794736972533915,0.0153932929808707,38996.329023529,2.44373315447838e-07,"Satterthwaite (random-slope; L2xL1 ~20 between-country df)",FALSE,FALSE,39041,23
"welfare_SOCX_RD","RD","agegrp4",0.0619265808681506,0.015355999536874,38930.6741974611,5.5237894968567e-05,"Satterthwaite (random-slope; L2xL1 ~20 between-country df)",FALSE,FALSE,39041,23
"welfare_SOCX_RD","RD","agegrp5",0.0569123283933005,0.0154241220146772,38958.5726229255,0.000224712766191174,"Satterthwaite (random-slope; L2xL1 ~20 between-country df)",FALSE,FALSE,39041,23
"welfare_SOCX_RD","RD","dem_income_decile",-0.0259691547400172,0.00150516468591292,39010.1584498856,1.86451064270936e-66,"Satterthwaite (random-slope; L2xL1 ~20 between-country df)",FALSE,FALSE,39041,23
"welfare_SOCX_RD","RD","stdworkerStandard",-0.0607667857927125,0.0118607960381419,39005.432195707,3.01612359016046e-07,"Satterthwaite (random-slope; L2xL1 ~20 between-country df)",FALSE,FALSE,39041,23
"welfare_SOCX_RD","RD","stdworkerNonStandard",-0.051418608789291,0.0141970435429286,39002.0577571555,0.000292950577503488,"Satterthwaite (random-slope; L2xL1 ~20 between-country df)",FALSE,FALSE,39041,23
"welfare_SOCX_RD","RD","z_task_profile",0.0392273337409828,0.0283536410877178,20.2870829068696,0.181546883662135,"Satterthwaite (random-slope; L2xL1 ~20 between-country df)",FALSE,FALSE,39041,23
"welfare_SOCX_RD","RD","z_dualization",-0.0297541494429403,0.0225999208266964,17.6212592925943,0.204854029478664,"Satterthwaite (random-slope; L2xL1 ~20 between-country df)",FALSE,FALSE,39041,23
"welfare_SOCX_RD","RD","gdp_z",-0.0497824923921598,0.0178603978958048,43.2920986856491,0.00786192367485065,"Satterthwaite (random-slope; L2xL1 ~20 between-country df)",FALSE,FALSE,39041,23
"welfare_SOCX_RD","RD","socx_z",-0.102300711960252,0.0243998568521404,17.3998899115773,0.000584106934109698,"Satterthwaite (random-slope; L2xL1 ~20 between-country df)",FALSE,FALSE,39041,23
"welfare_SOCX_RD","RD","aiie_cwc:z_task_profile",-0.00222943656735869,0.00717722257899516,20.1338059383519,0.759277300934464,"Satterthwaite (random-slope; L2xL1 ~20 between-country df)",FALSE,FALSE,39041,23
"welfare_SOCX_RD","RD","aiie_cwc:z_dualization",0.00519176338739503,0.00595876444303679,19.6299198366483,0.394131664358573,"Satterthwaite (random-slope; L2xL1 ~20 between-country df)",FALSE,FALSE,39041,23
"welfare_SOCX_RD","RD","z_task_profile:z_dualization",0.0692585007097241,0.0259796454951806,17.1583893424915,0.0162030732034065,"Satterthwaite (random-slope; L2xL1 ~20 between-country df)",FALSE,FALSE,39041,23
"welfare_CWEP_RD","RD","(Intercept)",3.60445464356195,0.0573645259385356,15.9632057085773,1.50739186569723e-20,"Satterthwaite (random-INTERCEPT fallback #23; L2xL1 df basis differs from rand-slope)",TRUE,TRUE,28904,17
"welfare_CWEP_RD","RD","aiie_cwc",-0.0209775403210753,0.00600387111020461,28876.2704020702,0.000476549128712613,"Satterthwaite (random-INTERCEPT fallback #23; L2xL1 df basis differs from rand-slope)",TRUE,TRUE,28904,17
"welfare_CWEP_RD","RD","edu2Low",0.0630802649341854,0.019987998822181,28885.966911494,0.00160164132719857,"Satterthwaite (random-INTERCEPT fallback #23; L2xL1 df basis differs from rand-slope)",TRUE,TRUE,28904,17
"welfare_CWEP_RD","RD","sex2Female",0.00463603150227475,0.00989265268999843,28880.2264755235,0.639334944480293,"Satterthwaite (random-INTERCEPT fallback #23; L2xL1 df basis differs from rand-slope)",TRUE,TRUE,28904,17
"welfare_CWEP_RD","RD","agegrp2",0.073198451248475,0.0181195315958183,28876.4202594567,5.36455966385598e-05,"Satterthwaite (random-INTERCEPT fallback #23; L2xL1 df basis differs from rand-slope)",TRUE,TRUE,28904,17
"welfare_CWEP_RD","RD","agegrp3",0.0245396897031323,0.0181213974006123,28877.9499838346,0.175688572705074,"Satterthwaite (random-INTERCEPT fallback #23; L2xL1 df basis differs from rand-slope)",TRUE,TRUE,28904,17
"welfare_CWEP_RD","RD","agegrp4",-0.0177065492752783,0.0180989272479377,28878.5456806433,0.327924091520397,"Satterthwaite (random-INTERCEPT fallback #23; L2xL1 df basis differs from rand-slope)",TRUE,TRUE,28904,17
"welfare_CWEP_RD","RD","agegrp5",-0.0428069310244256,0.0181425081362652,28876.285787313,0.0183070595160501,"Satterthwaite (random-INTERCEPT fallback #23; L2xL1 df basis differs from rand-slope)",TRUE,TRUE,28904,17
"welfare_CWEP_RD","RD","dem_income_decile",-0.0292118168340696,0.00178842983372792,28879.6814243006,1.0519034277419e-59,"Satterthwaite (random-INTERCEPT fallback #23; L2xL1 df basis differs from rand-slope)",TRUE,TRUE,28904,17
"welfare_CWEP_RD","RD","stdworkerStandard",-0.0725583725792627,0.0141873878406468,28882.4619265142,3.16938929997314e-07,"Satterthwaite (random-INTERCEPT fallback #23; L2xL1 df basis differs from rand-slope)",TRUE,TRUE,28904,17
"welfare_CWEP_RD","RD","stdworkerNonStandard",-0.0534126666266409,0.0169345802692622,28880.1848198521,0.00161181460456192,"Satterthwaite (random-INTERCEPT fallback #23; L2xL1 df basis differs from rand-slope)",TRUE,TRUE,28904,17
"welfare_CWEP_RD","RD","z_task_profile",0.0595775376232487,0.0556176254697227,12.5136742376913,0.304305732653886,"Satterthwaite (random-INTERCEPT fallback #23; L2xL1 df basis differs from rand-slope)",TRUE,TRUE,28904,17
"welfare_CWEP_RD","RD","z_dualization",-0.0479006278524745,0.056064292682874,11.8208327772896,0.409871830326678,"Satterthwaite (random-INTERCEPT fallback #23; L2xL1 df basis differs from rand-slope)",TRUE,TRUE,28904,17
"welfare_CWEP_RD","RD","gdp_z",-0.0287450525085498,0.0242010862925575,81.689855507857,0.238370511606431,"Satterthwaite (random-INTERCEPT fallback #23; L2xL1 df basis differs from rand-slope)",TRUE,TRUE,28904,17
"welfare_CWEP_RD","RD","cwep_z",-0.0140974722924918,0.0451516876108735,11.8646270157219,0.760288810383853,"Satterthwaite (random-INTERCEPT fallback #23; L2xL1 df basis differs from rand-slope)",TRUE,TRUE,28904,17
"welfare_CWEP_RD","RD","aiie_cwc:z_task_profile",0.00827424497996272,0.00811364527954149,28876.3666403828,0.307834817919196,"Satterthwaite (random-INTERCEPT fallback #23; L2xL1 df basis differs from rand-slope)",TRUE,TRUE,28904,17
"welfare_CWEP_RD","RD","aiie_cwc:z_dualization",0.00215908882343892,0.00642458640213283,28876.975036292,0.736823096159114,"Satterthwaite (random-INTERCEPT fallback #23; L2xL1 df basis differs from rand-slope)",TRUE,TRUE,28904,17
"welfare_CWEP_RD","RD","z_task_profile:z_dualization",0.103615003258028,0.0659849448437129,11.8956756048717,0.142553888481463,"Satterthwaite (random-INTERCEPT fallback #23; L2xL1 df basis differs from rand-slope)",TRUE,TRUE,28904,17
"WeMix_RD","RD","(Intercept)",3.59459338871484,0.0338700662543969,NA,0,"normal_approx (WeMix pseudo-ML; no Satterthwaite df)",NA,FALSE,39041,23
"WeMix_RD","RD","aiie_cwc",-0.0241881291319556,0.00590295229562653,NA,4.17397265639058e-05,"normal_approx (WeMix pseudo-ML; no Satterthwaite df)",NA,FALSE,39041,23
"WeMix_RD","RD","edu2Low",0.0183013954880254,0.0285650592643119,NA,0.52172302811388,"normal_approx (WeMix pseudo-ML; no Satterthwaite df)",NA,FALSE,39041,23
"WeMix_RD","RD","sex2Female",0.0293952509579919,0.017508951689387,NA,0.0931774132118198,"normal_approx (WeMix pseudo-ML; no Satterthwaite df)",NA,FALSE,39041,23
"WeMix_RD","RD","agegrp2",0.0738039290990281,0.0161650724361718,NA,4.97968642619106e-06,"normal_approx (WeMix pseudo-ML; no Satterthwaite df)",NA,FALSE,39041,23
"WeMix_RD","RD","agegrp3",0.0737676879212531,0.0275375588887095,NA,0.00738859091429547,"normal_approx (WeMix pseudo-ML; no Satterthwaite df)",NA,FALSE,39041,23
"WeMix_RD","RD","agegrp4",0.0537195771193702,0.0365566700735689,NA,0.141700554889284,"normal_approx (WeMix pseudo-ML; no Satterthwaite df)",NA,FALSE,39041,23
"WeMix_RD","RD","agegrp5",0.0397808293080297,0.049564975728751,NA,0.422206204125468,"normal_approx (WeMix pseudo-ML; no Satterthwaite df)",NA,FALSE,39041,23
"WeMix_RD","RD","dem_income_decile",-0.0256502199662941,0.00314977213294612,NA,3.83961539514777e-16,"normal_approx (WeMix pseudo-ML; no Satterthwaite df)",NA,FALSE,39041,23
"WeMix_RD","RD","stdworkerStandard",-0.076905854474979,0.0196471839747457,NA,9.06499825841545e-05,"normal_approx (WeMix pseudo-ML; no Satterthwaite df)",NA,FALSE,39041,23
"WeMix_RD","RD","stdworkerNonStandard",-0.0679891381363925,0.0179984975585068,NA,0.000158417090012782,"normal_approx (WeMix pseudo-ML; no Satterthwaite df)",NA,FALSE,39041,23
"WeMix_RD","RD","z_task_profile",0.0110080041911462,0.0327701996855906,NA,0.736934906309492,"normal_approx (WeMix pseudo-ML; no Satterthwaite df)",NA,FALSE,39041,23
"WeMix_RD","RD","z_dualization",-0.0150409159865477,0.0186675220097994,NA,0.420400602773815,"normal_approx (WeMix pseudo-ML; no Satterthwaite df)",NA,FALSE,39041,23
"WeMix_RD","RD","gdp_z",-0.0481359883707022,0.0356420625211233,NA,0.176843216435657,"normal_approx (WeMix pseudo-ML; no Satterthwaite df)",NA,FALSE,39041,23
"WeMix_RD","RD","aiie_cwc:z_task_profile",0.000922841598242321,0.0074940713907231,NA,0.901993949538058,"normal_approx (WeMix pseudo-ML; no Satterthwaite df)",NA,FALSE,39041,23
"WeMix_RD","RD","aiie_cwc:z_dualization",0.00700569803186986,0.00656102141555789,NA,0.285621784606768,"normal_approx (WeMix pseudo-ML; no Satterthwaite df)",NA,FALSE,39041,23
"WeMix_RD","RD","z_task_profile:z_dualization",0.0926421358328056,0.0252171845939747,NA,0.000238997895039334,"normal_approx (WeMix pseudo-ML; no Satterthwaite df)",NA,FALSE,39041,23
"M6w_cond","SI","(Intercept)",3.64822200130114,0.0511638232430067,25.106615654689,1.65311077318757e-30,"Satterthwaite (random-slope; L2xL1 ~20 between-country df)",FALSE,FALSE,25868,15
"M6w_cond","SI","aiie_cwc",0.0383871215573643,0.00916125441263542,24.6593478493656,0.000310771126959199,"Satterthwaite (random-slope; L2xL1 ~20 between-country df)",FALSE,FALSE,25868,15
"M6w_cond","SI","edu2Low",-0.120223897902719,0.0162863311228984,25698.2177436711,1.60794766679919e-13,"Satterthwaite (random-slope; L2xL1 ~20 between-country df)",FALSE,FALSE,25868,15
"M6w_cond","SI","sex2Female",0.000905628761620681,0.00844115729608769,25443.8471234752,0.914561925479476,"Satterthwaite (random-slope; L2xL1 ~20 between-country df)",FALSE,FALSE,25868,15
"M6w_cond","SI","agegrp2",0.126192598616633,0.0154296361322752,25829.899994936,3.00268177468376e-16,"Satterthwaite (random-slope; L2xL1 ~20 between-country df)",FALSE,FALSE,25868,15
"M6w_cond","SI","agegrp3",0.170738228525467,0.015456948621484,25796.9853716849,2.6512933010762e-28,"Satterthwaite (random-slope; L2xL1 ~20 between-country df)",FALSE,FALSE,25868,15
"M6w_cond","SI","agegrp4",0.200695705508181,0.0153629267437716,25688.3760680699,7.06814395669601e-39,"Satterthwaite (random-slope; L2xL1 ~20 between-country df)",FALSE,FALSE,25868,15
"M6w_cond","SI","agegrp5",0.23813977123892,0.015385896600142,25748.8889186599,8.56407695505258e-54,"Satterthwaite (random-slope; L2xL1 ~20 between-country df)",FALSE,FALSE,25868,15
"M6w_cond","SI","dem_income_decile",0.0065622555108041,0.00153882709930721,25792.6539818184,2.01105317244242e-05,"Satterthwaite (random-slope; L2xL1 ~20 between-country df)",FALSE,FALSE,25868,15
"M6w_cond","SI","stdworkerStandard",-0.0587869504013905,0.0122752314457536,25833.6602055985,1.68483647070482e-06,"Satterthwaite (random-slope; L2xL1 ~20 between-country df)",FALSE,FALSE,25868,15
"M6w_cond","SI","stdworkerNonStandard",-0.0645597449600374,0.0145583798244498,25837.9956504076,9.26486068102319e-06,"Satterthwaite (random-slope; L2xL1 ~20 between-country df)",FALSE,FALSE,25868,15
"M6w_cond","SI","z_task_profile",0.0291360691846503,0.0587605246044262,19.092175171062,0.625663844592682,"Satterthwaite (random-slope; L2xL1 ~20 between-country df)",FALSE,FALSE,25868,15
"M6w_cond","SI","dualization_gap_weighted_cond",0.801863272859357,0.231978860758776,185.041029878752,0.000678497561384408,"Satterthwaite (random-slope; L2xL1 ~20 between-country df)",FALSE,FALSE,25868,15
"M6w_cond","SI","gdp_z",-0.00471280840890166,0.0239136794820361,188.376155862149,0.843980664550587,"Satterthwaite (random-slope; L2xL1 ~20 between-country df)",FALSE,FALSE,25868,15
"M6w_cond","SI","wave2024",0.0469509292289009,0.00978431519194552,2084.20021086817,1.71121309146286e-06,"Satterthwaite (random-slope; L2xL1 ~20 between-country df)",FALSE,FALSE,25868,15
"M6w_cond","SI","aiie_cwc:z_task_profile",-0.00699515572330699,0.00693584713413753,11.8429445277961,0.333352512491141,"Satterthwaite (random-slope; L2xL1 ~20 between-country df)",FALSE,FALSE,25868,15
"M6w_cond","SI","aiie_cwc:dualization_gap_weighted_cond",0.0211048538103612,0.0549070120229173,14.5863499628359,0.70624661454242,"Satterthwaite (random-slope; L2xL1 ~20 between-country df)",FALSE,FALSE,25868,15
"M6w_cond","SI","z_task_profile:dualization_gap_weighted_cond",-0.56353086363437,0.312169519492556,233.386515333402,0.0723308916412342,"Satterthwaite (random-slope; L2xL1 ~20 between-country df)",FALSE,FALSE,25868,15
"M6w_cond","SI","aiie_cwc:wave2024",-0.000216060328090194,0.00863764239305332,15742.9374080245,0.980044266926101,"Satterthwaite (random-slope; L2xL1 ~20 between-country df)",FALSE,FALSE,25868,15
"M6w_uncond","SI","(Intercept)",3.68096910630811,0.0487010799280855,23.5890506625946,1.17744392212644e-29,"Satterthwaite (random-slope; L2xL1 ~20 between-country df)",FALSE,FALSE,25868,15
"M6w_uncond","SI","aiie_cwc",0.0428732380408253,0.00876583639996667,23.5230901574216,5.77010197475535e-05,"Satterthwaite (random-slope; L2xL1 ~20 between-country df)",FALSE,FALSE,25868,15
"M6w_uncond","SI","edu2Low",-0.120740177090172,0.016288522036522,25766.7527105408,1.276651739767e-13,"Satterthwaite (random-slope; L2xL1 ~20 between-country df)",FALSE,FALSE,25868,15
"M6w_uncond","SI","sex2Female",0.000938625649979278,0.008442889427865,25543.011401639,0.911479631054541,"Satterthwaite (random-slope; L2xL1 ~20 between-country df)",FALSE,FALSE,25868,15
"M6w_uncond","SI","agegrp2",0.126421165691821,0.0154311835756883,25835.8660943555,2.6740732203892e-16,"Satterthwaite (random-slope; L2xL1 ~20 between-country df)",FALSE,FALSE,25868,15
"M6w_uncond","SI","agegrp3",0.170795684962644,0.0154586239319488,25815.2836444993,2.57800561789268e-28,"Satterthwaite (random-slope; L2xL1 ~20 between-country df)",FALSE,FALSE,25868,15
"M6w_uncond","SI","agegrp4",0.200950330152202,0.0153653293440794,25745.2635176151,5.84290011418266e-39,"Satterthwaite (random-slope; L2xL1 ~20 between-country df)",FALSE,FALSE,25868,15
"M6w_uncond","SI","agegrp5",0.238335764980914,0.0153870826013995,25775.4627737346,7.1647121134595e-54,"Satterthwaite (random-slope; L2xL1 ~20 between-country df)",FALSE,FALSE,25868,15
"M6w_uncond","SI","dem_income_decile",0.00651269437153425,0.00153913846404461,25811.8492279895,2.33053219235265e-05,"Satterthwaite (random-slope; L2xL1 ~20 between-country df)",FALSE,FALSE,25868,15
"M6w_uncond","SI","stdworkerStandard",-0.0589714514046541,0.012277395093554,25841.2866737877,1.56981758489837e-06,"Satterthwaite (random-slope; L2xL1 ~20 between-country df)",FALSE,FALSE,25868,15
"M6w_uncond","SI","stdworkerNonStandard",-0.0648344401175751,0.0145601397960398,25838.4845325655,8.50840323327826e-06,"Satterthwaite (random-slope; L2xL1 ~20 between-country df)",FALSE,FALSE,25868,15
"M6w_uncond","SI","z_task_profile",0.0245858546235138,0.0546328197124492,17.0699363686569,0.658358710608112,"Satterthwaite (random-slope; L2xL1 ~20 between-country df)",FALSE,FALSE,25868,15
"M6w_uncond","SI","dualization_gap_weighted_uncond",3.74937903293721,1.3806237409944,126.061549551639,0.00754172181804774,"Satterthwaite (random-slope; L2xL1 ~20 between-country df)",FALSE,FALSE,25868,15
"M6w_uncond","SI","gdp_z",-0.00360050674089644,0.0240298758370558,210.348565202854,0.881038681184254,"Satterthwaite (random-slope; L2xL1 ~20 between-country df)",FALSE,FALSE,25868,15
"M6w_uncond","SI","wave2024",0.0426498678209241,0.00968048573265613,1648.17156604803,1.12208520004659e-05,"Satterthwaite (random-slope; L2xL1 ~20 between-country df)",FALSE,FALSE,25868,15
"M6w_uncond","SI","aiie_cwc:z_task_profile",-0.00646975367127279,0.00706869185624629,11.5668386113017,0.378736371211743,"Satterthwaite (random-slope; L2xL1 ~20 between-country df)",FALSE,FALSE,25868,15
"M6w_uncond","SI","aiie_cwc:dualization_gap_weighted_uncond",-0.153974539178634,0.341358516946521,13.8071238391718,0.658946384419244,"Satterthwaite (random-slope; L2xL1 ~20 between-country df)",FALSE,FALSE,25868,15
"M6w_uncond","SI","z_task_profile:dualization_gap_weighted_uncond",-5.53845003641225,2.20130733213687,316.279029954625,0.0123649937087966,"Satterthwaite (random-slope; L2xL1 ~20 between-country df)",FALSE,FALSE,25868,15
"M6w_uncond","SI","aiie_cwc:wave2024",-0.00115721753867099,0.00863292828408609,15790.9629081951,0.893367172293392,"Satterthwaite (random-slope; L2xL1 ~20 between-country df)",FALSE,FALSE,25868,15
"welfare_SOCX_SI","SI","(Intercept)",3.72185332975391,0.0364014893327527,26.1706590668079,1.36190433160504e-35,"Satterthwaite (random-slope; L2xL1 ~20 between-country df)",FALSE,FALSE,39453,23
"welfare_SOCX_SI","SI","aiie_cwc",0.0386074592694137,0.00534970425215136,20.9637972546222,4.1656696317812e-07,"Satterthwaite (random-slope; L2xL1 ~20 between-country df)",FALSE,FALSE,39453,23
"welfare_SOCX_SI","SI","edu2Low",-0.131147864860141,0.0136104503511712,39125.0919856559,5.97003309169978e-22,"Satterthwaite (random-slope; L2xL1 ~20 between-country df)",FALSE,FALSE,39453,23
"welfare_SOCX_SI","SI","sex2Female",-0.000683043718995774,0.00688511929895895,39191.6589070014,0.920975382898565,"Satterthwaite (random-slope; L2xL1 ~20 between-country df)",FALSE,FALSE,39453,23
"welfare_SOCX_SI","SI","agegrp2",0.121726301249829,0.0126155538148788,39413.8918142022,5.25477210472727e-22,"Satterthwaite (random-slope; L2xL1 ~20 between-country df)",FALSE,FALSE,39453,23
"welfare_SOCX_SI","SI","agegrp3",0.179952703789855,0.0126248220991471,39410.5141683596,5.5190260850802e-46,"Satterthwaite (random-slope; L2xL1 ~20 between-country df)",FALSE,FALSE,39453,23
"welfare_SOCX_SI","SI","agegrp4",0.207403306644823,0.0125870813223635,39364.711648192,8.51755181947816e-61,"Satterthwaite (random-slope; L2xL1 ~20 between-country df)",FALSE,FALSE,39453,23
"welfare_SOCX_SI","SI","agegrp5",0.239669289489252,0.0126345805022626,39378.2060439015,6.95633760753949e-80,"Satterthwaite (random-slope; L2xL1 ~20 between-country df)",FALSE,FALSE,39453,23
"welfare_SOCX_SI","SI","dem_income_decile",0.00815238822455309,0.00123456645494364,39395.2253284597,4.06814801553964e-11,"Satterthwaite (random-slope; L2xL1 ~20 between-country df)",FALSE,FALSE,39453,23
"welfare_SOCX_SI","SI","stdworkerStandard",-0.0291062560275603,0.00971667328085453,39421.2490311186,0.00274169124599987,"Satterthwaite (random-slope; L2xL1 ~20 between-country df)",FALSE,FALSE,39453,23
"welfare_SOCX_SI","SI","stdworkerNonStandard",-0.0406233702944695,0.0116423161070697,39429.2988815144,0.000484841053999152,"Satterthwaite (random-slope; L2xL1 ~20 between-country df)",FALSE,FALSE,39453,23
"welfare_SOCX_SI","SI","z_task_profile",-0.0298490101865802,0.0408687256263247,20.364416100082,0.473487570848626,"Satterthwaite (random-slope; L2xL1 ~20 between-country df)",FALSE,FALSE,39453,23
"welfare_SOCX_SI","SI","z_dualization",0.00670540605670595,0.0338072993708541,18.3960851679651,0.844952957459187,"Satterthwaite (random-slope; L2xL1 ~20 between-country df)",FALSE,FALSE,39453,23
"welfare_SOCX_SI","SI","gdp_z",0.0152826160157085,0.018871307214469,121.093894645788,0.419624418843256,"Satterthwaite (random-slope; L2xL1 ~20 between-country df)",FALSE,FALSE,39453,23
"welfare_SOCX_SI","SI","socx_z",-0.0226971803579113,0.032721987586155,18.3599107572653,0.496592650928284,"Satterthwaite (random-slope; L2xL1 ~20 between-country df)",FALSE,FALSE,39453,23
"welfare_SOCX_SI","SI","aiie_cwc:z_task_profile",-0.00494197564062587,0.006633479395817,20.0058363154854,0.464931604110383,"Satterthwaite (random-slope; L2xL1 ~20 between-country df)",FALSE,FALSE,39453,23
"welfare_SOCX_SI","SI","aiie_cwc:z_dualization",0.00462609999012558,0.00551699975178424,19.639067949803,0.411830302562334,"Satterthwaite (random-slope; L2xL1 ~20 between-country df)",FALSE,FALSE,39453,23
"welfare_SOCX_SI","SI","z_task_profile:z_dualization",0.0128312520709356,0.0350444308773911,17.4516131792305,0.718659747271928,"Satterthwaite (random-slope; L2xL1 ~20 between-country df)",FALSE,FALSE,39453,23
"welfare_CWEP_SI","SI","(Intercept)",3.71924278212385,0.0557594226294299,14.6717806931973,1.24539523070668e-19,"Satterthwaite (random-INTERCEPT fallback #23; L2xL1 df basis differs from rand-slope)",TRUE,TRUE,29169,17
"welfare_CWEP_SI","SI","aiie_cwc",0.03522566637994,0.00482683273061558,29140.9079934322,2.99791464755473e-13,"Satterthwaite (random-INTERCEPT fallback #23; L2xL1 df basis differs from rand-slope)",TRUE,TRUE,29169,17
"welfare_CWEP_SI","SI","edu2Low",-0.095405322195517,0.0160708470737782,29150.2552269435,2.94379834760008e-09,"Satterthwaite (random-INTERCEPT fallback #23; L2xL1 df basis differs from rand-slope)",TRUE,TRUE,29169,17
"welfare_CWEP_SI","SI","sex2Female",-0.0262126162968944,0.00795003102519819,29143.960426108,0.000977806221966168,"Satterthwaite (random-INTERCEPT fallback #23; L2xL1 df basis differs from rand-slope)",TRUE,TRUE,29169,17
"welfare_CWEP_SI","SI","agegrp2",0.0992104449367132,0.0145618410830312,29140.9143524238,9.74133401493891e-12,"Satterthwaite (random-INTERCEPT fallback #23; L2xL1 df basis differs from rand-slope)",TRUE,TRUE,29169,17
"welfare_CWEP_SI","SI","agegrp3",0.131070035513984,0.014561842919231,29141.8325009552,2.37093920369762e-19,"Satterthwaite (random-INTERCEPT fallback #23; L2xL1 df basis differs from rand-slope)",TRUE,TRUE,29169,17
"welfare_CWEP_SI","SI","agegrp4",0.131074240629475,0.014527302292261,29142.2487476532,1.94646635936085e-19,"Satterthwaite (random-INTERCEPT fallback #23; L2xL1 df basis differs from rand-slope)",TRUE,TRUE,29169,17
"welfare_CWEP_SI","SI","agegrp5",0.165208655086926,0.0145676221790257,29140.6447815582,9.51064765790763e-30,"Satterthwaite (random-INTERCEPT fallback #23; L2xL1 df basis differs from rand-slope)",TRUE,TRUE,29169,17
"welfare_CWEP_SI","SI","dem_income_decile",0.00610693660969985,0.00143824603138844,29142.7745590731,2.18196823410912e-05,"Satterthwaite (random-INTERCEPT fallback #23; L2xL1 df basis differs from rand-slope)",TRUE,TRUE,29169,17
"welfare_CWEP_SI","SI","stdworkerStandard",-0.0292618351607113,0.0113908316188654,29146.4053361155,0.0102073059401129,"Satterthwaite (random-INTERCEPT fallback #23; L2xL1 df basis differs from rand-slope)",TRUE,TRUE,29169,17
"welfare_CWEP_SI","SI","stdworkerNonStandard",-0.0296974997296774,0.0136057628259274,29143.4601537203,0.0290647735407582,"Satterthwaite (random-INTERCEPT fallback #23; L2xL1 df basis differs from rand-slope)",TRUE,TRUE,29169,17
"welfare_CWEP_SI","SI","z_task_profile",-0.0102970865137037,0.0551423578910881,12.5230224138755,0.854858420391032,"Satterthwaite (random-INTERCEPT fallback #23; L2xL1 df basis differs from rand-slope)",TRUE,TRUE,29169,17
"welfare_CWEP_SI","SI","z_dualization",-0.042081471023511,0.0558996111127215,11.9149433528661,0.466181466349451,"Satterthwaite (random-INTERCEPT fallback #23; L2xL1 df basis differs from rand-slope)",TRUE,TRUE,29169,17
"welfare_CWEP_SI","SI","gdp_z",0.0197702281402828,0.0208917469133102,146.343025746504,0.345546517175738,"Satterthwaite (random-INTERCEPT fallback #23; L2xL1 df basis differs from rand-slope)",TRUE,TRUE,29169,17
"welfare_CWEP_SI","SI","cwep_z",0.0366042499205629,0.0450062113437289,11.9512506118209,0.431942270004824,"Satterthwaite (random-INTERCEPT fallback #23; L2xL1 df basis differs from rand-slope)",TRUE,TRUE,29169,17
"welfare_CWEP_SI","SI","aiie_cwc:z_task_profile",0.00214688369466186,0.00652414496253531,29140.8100606068,0.742107077294464,"Satterthwaite (random-INTERCEPT fallback #23; L2xL1 df basis differs from rand-slope)",TRUE,TRUE,29169,17
"welfare_CWEP_SI","SI","aiie_cwc:z_dualization",0.00297343432238599,0.00517107978490392,29141.1035756343,0.565287438374825,"Satterthwaite (random-INTERCEPT fallback #23; L2xL1 df basis differs from rand-slope)",TRUE,TRUE,29169,17
"welfare_CWEP_SI","SI","z_task_profile:z_dualization",0.10187367059234,0.0657501335980845,11.9761563110053,0.147294220304228,"Satterthwaite (random-INTERCEPT fallback #23; L2xL1 df basis differs from rand-slope)",TRUE,TRUE,29169,17
"WeMix_SI","SI","(Intercept)",3.711949232145,0.0468237760345716,NA,0,"normal_approx (WeMix pseudo-ML; no Satterthwaite df)",NA,FALSE,39453,23
"WeMix_SI","SI","aiie_cwc",0.0377780044536144,0.00546671299093042,NA,4.8277139206051e-12,"normal_approx (WeMix pseudo-ML; no Satterthwaite df)",NA,FALSE,39453,23
"WeMix_SI","SI","edu2Low",-0.121207614459234,0.0231226778323829,NA,1.58899851554787e-07,"normal_approx (WeMix pseudo-ML; no Satterthwaite df)",NA,FALSE,39453,23
"WeMix_SI","SI","sex2Female",0.000298855604366891,0.0130138581889958,NA,0.98167866037145,"normal_approx (WeMix pseudo-ML; no Satterthwaite df)",NA,FALSE,39453,23
"WeMix_SI","SI","agegrp2",0.125576174242766,0.0179506230211556,NA,2.64042593886951e-12,"normal_approx (WeMix pseudo-ML; no Satterthwaite df)",NA,FALSE,39453,23
"WeMix_SI","SI","agegrp3",0.179516084142652,0.0264329731238523,NA,1.1107412898921e-11,"normal_approx (WeMix pseudo-ML; no Satterthwaite df)",NA,FALSE,39453,23
"WeMix_SI","SI","agegrp4",0.214503456045152,0.0337884560609749,NA,2.17531408553759e-10,"normal_approx (WeMix pseudo-ML; no Satterthwaite df)",NA,FALSE,39453,23
"WeMix_SI","SI","agegrp5",0.247740344010953,0.0345087034030111,NA,7.01879988997869e-13,"normal_approx (WeMix pseudo-ML; no Satterthwaite df)",NA,FALSE,39453,23
"WeMix_SI","SI","dem_income_decile",0.00627552097146061,0.00219120105587946,NA,0.00418375539275247,"normal_approx (WeMix pseudo-ML; no Satterthwaite df)",NA,FALSE,39453,23
"WeMix_SI","SI","stdworkerStandard",-0.0288321138347015,0.0158779890436632,NA,0.0693927333493391,"normal_approx (WeMix pseudo-ML; no Satterthwaite df)",NA,FALSE,39453,23
"WeMix_SI","SI","stdworkerNonStandard",-0.0440214736159664,0.0206653268653984,NA,0.033154329062409,"normal_approx (WeMix pseudo-ML; no Satterthwaite df)",NA,FALSE,39453,23
"WeMix_SI","SI","z_task_profile",-0.0391316558498903,0.0426640975714649,NA,0.359036059372577,"normal_approx (WeMix pseudo-ML; no Satterthwaite df)",NA,FALSE,39453,23
"WeMix_SI","SI","z_dualization",0.00869327275175952,0.0392378084446725,NA,0.824661505102517,"normal_approx (WeMix pseudo-ML; no Satterthwaite df)",NA,FALSE,39453,23
"WeMix_SI","SI","gdp_z",0.0121535438925467,0.0540210845693249,NA,0.821996557100959,"normal_approx (WeMix pseudo-ML; no Satterthwaite df)",NA,FALSE,39453,23
"WeMix_SI","SI","aiie_cwc:z_task_profile",-0.00190990414096393,0.00738931455390696,NA,0.796045451329821,"normal_approx (WeMix pseudo-ML; no Satterthwaite df)",NA,FALSE,39453,23
"WeMix_SI","SI","aiie_cwc:z_dualization",0.0046998636964008,0.00530952540148013,NA,0.376061791642698,"normal_approx (WeMix pseudo-ML; no Satterthwaite df)",NA,FALSE,39453,23
"WeMix_SI","SI","z_task_profile:z_dualization",0.0344417447816236,0.0385215916713589,NA,0.371274088098369,"normal_approx (WeMix pseudo-ML; no Satterthwaite df)",NA,FALSE,39453,23
"RD single-item q20","RD_single","(Intercept)",3.72174414700763,0.0513956127035569,31.6111618290317,1.05516614585347e-36,"Satterthwaite (random-slope; L2xL1 ~20 between-country df)",FALSE,FALSE,39547,23
"RD single-item q20","RD_single","aiie_cwc",-0.0176617278865248,0.00723803221933151,22.0183514362494,0.0231908307305578,"Satterthwaite (random-slope; L2xL1 ~20 between-country df)",FALSE,FALSE,39547,23
"RD single-item q20","RD_single","edu2Low",0.0244096278135548,0.0238133737546909,37808.5584045434,0.305351522535201,"Satterthwaite (random-slope; L2xL1 ~20 between-country df)",FALSE,FALSE,39547,23
"RD single-item q20","RD_single","sex2Female",-0.0103087855364709,0.012170188435104,39102.7143718807,0.396971180932447,"Satterthwaite (random-slope; L2xL1 ~20 between-country df)",FALSE,FALSE,39547,23
"RD single-item q20","RD_single","agegrp2",0.171998566993354,0.0222408274241591,39511.5438720759,1.07135206651498e-14,"Satterthwaite (random-slope; L2xL1 ~20 between-country df)",FALSE,FALSE,39547,23
"RD single-item q20","RD_single","agegrp3",0.212427684661265,0.0222741230513152,39488.9415303183,1.55136157949175e-21,"Satterthwaite (random-slope; L2xL1 ~20 between-country df)",FALSE,FALSE,39547,23
"RD single-item q20","RD_single","agegrp4",0.251475403677889,0.0222208134389068,39379.3014837626,1.19989585535175e-29,"Satterthwaite (random-slope; L2xL1 ~20 between-country df)",FALSE,FALSE,39547,23
"RD single-item q20","RD_single","agegrp5",0.353601873720875,0.0223112082144758,39430.100651231,2.14696792356383e-56,"Satterthwaite (random-slope; L2xL1 ~20 between-country df)",FALSE,FALSE,39547,23
"RD single-item q20","RD_single","dem_income_decile",-0.0509563019667689,0.00218095194979105,39485.059813648,6.44785591795388e-120,"Satterthwaite (random-slope; L2xL1 ~20 between-country df)",FALSE,FALSE,39547,23
"RD single-item q20","RD_single","stdworkerStandard",-0.0347637779630896,0.0172070397766535,39524.1577663719,0.0433566278217316,"Satterthwaite (random-slope; L2xL1 ~20 between-country df)",FALSE,FALSE,39547,23
"RD single-item q20","RD_single","stdworkerNonStandard",-0.0915313164506529,0.0205965150964618,39510.3106702806,8.85333841191393e-06,"Satterthwaite (random-slope; L2xL1 ~20 between-country df)",FALSE,FALSE,39547,23
"RD single-item q20","RD_single","z_task_profile",0.0127506898528835,0.054869509795932,21.9903044876589,0.818390381495359,"Satterthwaite (random-slope; L2xL1 ~20 between-country df)",FALSE,FALSE,39547,23
"RD single-item q20","RD_single","z_dualization",0.00488471474357933,0.0454268131010477,18.7562741539215,0.915510953951218,"Satterthwaite (random-slope; L2xL1 ~20 between-country df)",FALSE,FALSE,39547,23
"RD single-item q20","RD_single","gdp_z",-0.0365454908069409,0.0317584977106638,99.608943307185,0.252597829783037,"Satterthwaite (random-slope; L2xL1 ~20 between-country df)",FALSE,FALSE,39547,23
"RD single-item q20","RD_single","aiie_cwc:z_task_profile",-0.00139609258223065,0.00889456408644275,20.2816449671682,0.876828223045295,"Satterthwaite (random-slope; L2xL1 ~20 between-country df)",FALSE,FALSE,39547,23
"RD single-item q20","RD_single","aiie_cwc:z_dualization",0.00211619097137815,0.00737441337637019,19.6647073419121,0.777141783787615,"Satterthwaite (random-slope; L2xL1 ~20 between-country df)",FALSE,FALSE,39547,23
"RD single-item q20","RD_single","z_task_profile:z_dualization",0.0833692613285588,0.0553756826208244,18.6449225000073,0.148943869968248,"Satterthwaite (random-slope; L2xL1 ~20 between-country df)",FALSE,FALSE,39547,23
"RD WTP q19d+e","RD_wtp","(Intercept)",0.247161519582631,0.0140245058377057,33.7846238972464,1.32669202645326e-18,"Satterthwaite (random-slope; L2xL1 ~20 between-country df)",FALSE,FALSE,40555,23
"RD WTP q19d+e","RD_wtp","aiie_cwc",-0.00362800581926826,0.00249005648154257,21.4306060371835,0.159614505011828,"Satterthwaite (random-slope; L2xL1 ~20 between-country df)",FALSE,FALSE,40555,23
"RD WTP q19d+e","RD_wtp","edu2Low",0.00589112867812371,0.00643594690963862,40181.9407969259,0.360014660811402,"Satterthwaite (random-slope; L2xL1 ~20 between-country df)",FALSE,FALSE,40555,23
"RD WTP q19d+e","RD_wtp","sex2Female",-0.0203654917791043,0.0032861593303993,39955.1842873113,5.79799942247959e-10,"Satterthwaite (random-slope; L2xL1 ~20 between-country df)",FALSE,FALSE,40555,23
"RD WTP q19d+e","RD_wtp","agegrp2",-0.00172565942184822,0.00600226998422899,40502.9773959242,0.773730105297202,"Satterthwaite (random-slope; L2xL1 ~20 between-country df)",FALSE,FALSE,40555,23
"RD WTP q19d+e","RD_wtp","agegrp3",-0.0141686886189075,0.00601112438036543,40480.7984157919,0.0184241147711733,"Satterthwaite (random-slope; L2xL1 ~20 between-country df)",FALSE,FALSE,40555,23
"RD WTP q19d+e","RD_wtp","agegrp4",-0.0135125123639795,0.00599683877325939,40391.2300055378,0.0242473085947496,"Satterthwaite (random-slope; L2xL1 ~20 between-country df)",FALSE,FALSE,40555,23
"RD WTP q19d+e","RD_wtp","agegrp5",-0.0197586029023152,0.00602233116960658,40416.4364216039,0.00103567900217903,"Satterthwaite (random-slope; L2xL1 ~20 between-country df)",FALSE,FALSE,40555,23
"RD WTP q19d+e","RD_wtp","dem_income_decile",-0.00438689550466056,0.000588407301680116,40392.958246842,9.12875530309724e-14,"Satterthwaite (random-slope; L2xL1 ~20 between-country df)",FALSE,FALSE,40555,23
"RD WTP q19d+e","RD_wtp","stdworkerStandard",-0.0311752378826726,0.00464249711812043,40458.754371012,1.90302833519712e-11,"Satterthwaite (random-slope; L2xL1 ~20 between-country df)",FALSE,FALSE,40555,23
"RD WTP q19d+e","RD_wtp","stdworkerNonStandard",-0.00305659166470351,0.00555913682607869,40518.9585192055,0.582437595957418,"Satterthwaite (random-slope; L2xL1 ~20 between-country df)",FALSE,FALSE,40555,23
"RD WTP q19d+e","RD_wtp","z_task_profile",0.000148099256163175,0.0154142120195897,21.3647963931108,0.992423221817042,"Satterthwaite (random-slope; L2xL1 ~20 between-country df)",FALSE,FALSE,40555,23
"RD WTP q19d+e","RD_wtp","z_dualization",-0.00831948321446161,0.0126669657013949,19.7589701870587,0.518895841472702,"Satterthwaite (random-slope; L2xL1 ~20 between-country df)",FALSE,FALSE,40555,23
"RD WTP q19d+e","RD_wtp","gdp_z",0.00209623293952315,0.00749946020558703,52.33079714048,0.780949271214514,"Satterthwaite (random-slope; L2xL1 ~20 between-country df)",FALSE,FALSE,40555,23
"RD WTP q19d+e","RD_wtp","aiie_cwc:z_task_profile",-0.000746291635882846,0.00308638915006859,20.4171104821718,0.811346500083497,"Satterthwaite (random-slope; L2xL1 ~20 between-country df)",FALSE,FALSE,40555,23
"RD WTP q19d+e","RD_wtp","aiie_cwc:z_dualization",0.00224696812971076,0.00256605176078887,20.0154649563956,0.391606899472482,"Satterthwaite (random-slope; L2xL1 ~20 between-country df)",FALSE,FALSE,40555,23
"RD WTP q19d+e","RD_wtp","z_task_profile:z_dualization",0.00426937070280064,0.011412071094281,18.1450165039318,0.712658287667513,"Satterthwaite (random-slope; L2xL1 ~20 between-country df)",FALSE,FALSE,40555,23
"SI single q42a [C7 scale-component]","SI_single","(Intercept)",3.80507249170802,0.0431658225415425,29.8548037850505,1.20392307843251e-37,"Satterthwaite (random-slope; L2xL1 ~20 between-country df)",FALSE,FALSE,39231,23
"SI single q42a [C7 scale-component]","SI_single","aiie_cwc",0.0377523447671196,0.00645409498059253,21.2291143604474,7.97537275666539e-06,"Satterthwaite (random-slope; L2xL1 ~20 between-country df)",FALSE,FALSE,39231,23
"SI single q42a [C7 scale-component]","SI_single","edu2Low",-0.137518204025332,0.0182068195991383,38695.2927226471,4.34308121403103e-14,"Satterthwaite (random-slope; L2xL1 ~20 between-country df)",FALSE,FALSE,39231,23
"SI single q42a [C7 scale-component]","SI_single","sex2Female",0.0739431895186276,0.00921333457046629,38953.7291710492,1.03779466352719e-15,"Satterthwaite (random-slope; L2xL1 ~20 between-country df)",FALSE,FALSE,39231,23
"SI single q42a [C7 scale-component]","SI_single","agegrp2",0.0761907034998918,0.0168810835957402,39196.2002188122,6.39886600127294e-06,"Satterthwaite (random-slope; L2xL1 ~20 between-country df)",FALSE,FALSE,39231,23
"SI single q42a [C7 scale-component]","SI_single","agegrp3",0.117170965498422,0.0169047188524682,39194.3463605476,4.2355302767445e-12,"Satterthwaite (random-slope; L2xL1 ~20 between-country df)",FALSE,FALSE,39231,23
"SI single q42a [C7 scale-component]","SI_single","agegrp4",0.151853896447449,0.0168437066329131,39148.8502443384,2.04677689304131e-19,"Satterthwaite (random-slope; L2xL1 ~20 between-country df)",FALSE,FALSE,39231,23
"SI single q42a [C7 scale-component]","SI_single","agegrp5",0.168997150496124,0.016911568451128,39161.0074011442,1.74524078600025e-23,"Satterthwaite (random-slope; L2xL1 ~20 between-country df)",FALSE,FALSE,39231,23
"SI single q42a [C7 scale-component]","SI_single","dem_income_decile",0.00449535806726386,0.00165146183109427,39179.1014747049,0.00649074344702439,"Satterthwaite (random-slope; L2xL1 ~20 between-country df)",FALSE,FALSE,39231,23
"SI single q42a [C7 scale-component]","SI_single","stdworkerStandard",-0.0278047133337765,0.0129962409925667,39196.7955780889,0.0324059871132762,"Satterthwaite (random-slope; L2xL1 ~20 between-country df)",FALSE,FALSE,39231,23
"SI single q42a [C7 scale-component]","SI_single","stdworkerNonStandard",-0.0258775028564158,0.0155716163839333,39205.9205358583,0.0965532680105674,"Satterthwaite (random-slope; L2xL1 ~20 between-country df)",FALSE,FALSE,39231,23
"SI single q42a [C7 scale-component]","SI_single","z_task_profile",-0.0404737213569344,0.0472311626946873,22.1963209312721,0.400642135836263,"Satterthwaite (random-slope; L2xL1 ~20 between-country df)",FALSE,FALSE,39231,23
"SI single q42a [C7 scale-component]","SI_single","z_dualization",0.00230378425150679,0.0393464117083036,19.5116045691775,0.953905001015122,"Satterthwaite (random-slope; L2xL1 ~20 between-country df)",FALSE,FALSE,39231,23
"SI single q42a [C7 scale-component]","SI_single","gdp_z",-0.0302169182417853,0.0249648762197829,123.972261951887,0.228436816104571,"Satterthwaite (random-slope; L2xL1 ~20 between-country df)",FALSE,FALSE,39231,23
"SI single q42a [C7 scale-component]","SI_single","aiie_cwc:z_task_profile",-0.0055546389729107,0.00797815279246813,20.0120145340784,0.49429181063108,"Satterthwaite (random-slope; L2xL1 ~20 between-country df)",FALSE,FALSE,39231,23
"SI single q42a [C7 scale-component]","SI_single","aiie_cwc:z_dualization",0.00113289830052007,0.00662973950726951,19.578588822443,0.866070768880355,"Satterthwaite (random-slope; L2xL1 ~20 between-country df)",FALSE,FALSE,39231,23
"SI single q42a [C7 scale-component]","SI_single","z_task_profile:z_dualization",-0.00283018019993536,0.0454589548250426,19.019663705432,0.951007046508912,"Satterthwaite (random-slope; L2xL1 ~20 between-country df)",FALSE,FALSE,39231,23
"SI WTP q19b+c","SI_wtp","(Intercept)",0.276306660178493,0.0121998668378785,36.8261361135757,3.25629505193647e-23,"Satterthwaite (random-INTERCEPT fallback #23; L2xL1 df basis differs from rand-slope)",TRUE,TRUE,40555,23
"SI WTP q19b+c","SI_wtp","aiie_cwc",0.00909194449424965,0.00168064286527058,40523.8575468971,6.34513017746562e-08,"Satterthwaite (random-INTERCEPT fallback #23; L2xL1 df basis differs from rand-slope)",TRUE,TRUE,40555,23
"SI WTP q19b+c","SI_wtp","edu2Low",-0.0236967361332048,0.00636051138911443,40512.338372377,0.000195113777719956,"Satterthwaite (random-INTERCEPT fallback #23; L2xL1 df basis differs from rand-slope)",TRUE,TRUE,40555,23
"SI WTP q19b+c","SI_wtp","sex2Female",-0.018035430548017,0.00325292175612178,40526.8409270888,2.96834340942335e-08,"Satterthwaite (random-INTERCEPT fallback #23; L2xL1 df basis differs from rand-slope)",TRUE,TRUE,40555,23
"SI WTP q19b+c","SI_wtp","agegrp2",-0.0324246459267074,0.00594261142155836,40523.9118471655,4.89011152749364e-08,"Satterthwaite (random-INTERCEPT fallback #23; L2xL1 df basis differs from rand-slope)",TRUE,TRUE,40555,23
"SI WTP q19b+c","SI_wtp","agegrp3",-0.0505960805431632,0.0059505983974648,40527.8331830621,1.91482792312219e-17,"Satterthwaite (random-INTERCEPT fallback #23; L2xL1 df basis differs from rand-slope)",TRUE,TRUE,40555,23
"SI WTP q19b+c","SI_wtp","agegrp4",-0.0747518765980492,0.00593583091066818,40527.8155788753,2.68749533146968e-36,"Satterthwaite (random-INTERCEPT fallback #23; L2xL1 df basis differs from rand-slope)",TRUE,TRUE,40555,23
"SI WTP q19b+c","SI_wtp","agegrp5",-0.10548290979418,0.00596140450284058,40524.9141716559,8.49943677560245e-70,"Satterthwaite (random-INTERCEPT fallback #23; L2xL1 df basis differs from rand-slope)",TRUE,TRUE,40555,23
"SI WTP q19b+c","SI_wtp","dem_income_decile",0.00165132488246752,0.000582580967820845,40533.172242281,0.00459203636104074,"Satterthwaite (random-INTERCEPT fallback #23; L2xL1 df basis differs from rand-slope)",TRUE,TRUE,40555,23
"SI WTP q19b+c","SI_wtp","stdworkerStandard",-0.0184936031954993,0.00459652877089566,40537.9977580293,5.74716870307611e-05,"Satterthwaite (random-INTERCEPT fallback #23; L2xL1 df basis differs from rand-slope)",TRUE,TRUE,40555,23
"SI WTP q19b+c","SI_wtp","stdworkerNonStandard",-0.00351358819861515,0.00550305649843051,40535.8114059896,0.523165268177264,"Satterthwaite (random-INTERCEPT fallback #23; L2xL1 df basis differs from rand-slope)",TRUE,TRUE,40555,23
"SI WTP q19b+c","SI_wtp","z_task_profile",0.0196212494198686,0.0126423576863211,22.0616787831127,0.134884724263445,"Satterthwaite (random-INTERCEPT fallback #23; L2xL1 df basis differs from rand-slope)",TRUE,TRUE,40555,23
"SI WTP q19b+c","SI_wtp","z_dualization",0.00249069448597689,0.0103359834077696,18.6625065701461,0.812203482559816,"Satterthwaite (random-INTERCEPT fallback #23; L2xL1 df basis differs from rand-slope)",TRUE,TRUE,40555,23
"SI WTP q19b+c","SI_wtp","gdp_z",-0.0178646518201848,0.00796552653563808,74.1186564551315,0.0279030583651833,"Satterthwaite (random-INTERCEPT fallback #23; L2xL1 df basis differs from rand-slope)",TRUE,TRUE,40555,23
"SI WTP q19b+c","SI_wtp","aiie_cwc:z_task_profile",0.00373641045298046,0.00205223740914234,40521.7215860175,0.0686671220004391,"Satterthwaite (random-INTERCEPT fallback #23; L2xL1 df basis differs from rand-slope)",TRUE,TRUE,40555,23
"SI WTP q19b+c","SI_wtp","aiie_cwc:z_dualization",0.000951836596422184,0.00169666283647023,40521.0897244113,0.57479712554577,"Satterthwaite (random-INTERCEPT fallback #23; L2xL1 df basis differs from rand-slope)",TRUE,TRUE,40555,23
"SI WTP q19b+c","SI_wtp","z_task_profile:z_dualization",0.000727215135582975,0.0127984355561983,18.8054825399756,0.955287470813105,"Satterthwaite (random-INTERCEPT fallback #23; L2xL1 df basis differs from rand-slope)",TRUE,TRUE,40555,23
