"frame","wave","variable","statistic","value"
"RD","pooled","RD_scale","mean",3.49685373496239
"RD","pooled","RD_scale","sd",0.827204704044283
"RD","pooled","RD_scale","n",39041
"RD","pooled","aiie_score","mean",0.263154066774297
"RD","pooled","aiie_score","sd",0.9906209776755
"RD","pooled","aiie_cwc","mean",-0.000590428407759241
"RD","pooled","aiie_cwc","sd",0.979322050546815
"RD","pooled","edu2_low","share",0.0708998232627238
"RD","pooled","sex2_female","share",0.484567505955278
"RD","pooled","agegrp_1","share",0.111344484003996
"RD","pooled","agegrp_2","share",0.217053866448093
"RD","pooled","agegrp_3","share",0.223764760123972
"RD","pooled","agegrp_4","share",0.22891319382188
"RD","pooled","agegrp_5","share",0.218923695602059
"RD","pooled","income_decile","mean",4.97825363079839
"RD","pooled","income_decile","median",5
"RD","pooled","stdworker_NotEmployed","share",0.164007069491048
"RD","pooled","stdworker_Standard","share",0.653005814400246
"RD","pooled","stdworker_NonStandard","share",0.182987116108706
"RD","pooled","frame","N",39041
"RD","2022","RD_scale","mean",3.48723149336757
"RD","2022","RD_scale","sd",0.839791904374992
"RD","2022","RD_scale","n",19475
"RD","2022","aiie_score","mean",0.235142122935121
"RD","2022","aiie_score","sd",0.978580033892009
"RD","2022","aiie_cwc","mean",-0.0297644849811352
"RD","2022","aiie_cwc","sd",0.966119137735079
"RD","2022","edu2_low","share",0.0686007702182285
"RD","2022","sex2_female","share",0.486059050064185
"RD","2022","agegrp_1","share",0.111065468549422
"RD","2022","agegrp_2","share",0.21206675224647
"RD","2022","agegrp_3","share",0.22012836970475
"RD","2022","agegrp_4","share",0.230911424903723
"RD","2022","agegrp_5","share",0.225827984595635
"RD","2022","income_decile","mean",5.23353016688062
"RD","2022","income_decile","median",5
"RD","2022","stdworker_NotEmployed","share",0.189525032092426
"RD","2022","stdworker_Standard","share",0.622695763799743
"RD","2022","stdworker_NonStandard","share",0.187779204107831
"RD","2022","frame","N",19475
"RD","2024","RD_scale","mean",3.50643122423251
"RD","2024","RD_scale","sd",0.814391475948203
"RD","2024","RD_scale","n",19566
"RD","2024","aiie_score","mean",0.291035729161496
"RD","2024","aiie_score","sd",1.00170971209097
"RD","2024","aiie_cwc","mean",0.0284479418143862
"RD","2024","aiie_cwc","sd",0.991461668973345
"RD","2024","edu2_low","share",0.0731881835837678
"RD","2024","sex2_female","share",0.483082898906266
"RD","2024","agegrp_1","share",0.111622201778596
"RD","2024","agegrp_2","share",0.222017785955228
"RD","2024","agegrp_3","share",0.227384237963815
"RD","2024","agegrp_4","share",0.226924256363079
"RD","2024","agegrp_5","share",0.212051517939282
"RD","2024","income_decile","mean",4.72416436675866
"RD","2024","income_decile","median",4
"RD","2024","stdworker_NotEmployed","share",0.138607789021772
"RD","2024","stdworker_Standard","share",0.683174895226413
"RD","2024","stdworker_NonStandard","share",0.178217315751814
"RD","2024","frame","N",19566
"SI","pooled","SI_scale","mean",3.89102645341715
"SI","pooled","SI_scale","sd",0.688993135973713
"SI","pooled","SI_scale","n",39453
"SI","pooled","aiie_score","mean",0.264701233359342
"SI","pooled","aiie_score","sd",0.98963264724492
"SI","pooled","aiie_cwc","mean",0.00110011584980073
"SI","pooled","aiie_cwc","sd",0.978578083857102
"SI","pooled","edu2_low","share",0.0707170557372063
"SI","pooled","sex2_female","share",0.487136592908017
"SI","pooled","agegrp_1","share",0.111170253212683
"SI","pooled","agegrp_2","share",0.21620662560515
"SI","pooled","agegrp_3","share",0.22335437102375
"SI","pooled","agegrp_4","share",0.229336172154209
"SI","pooled","agegrp_5","share",0.219932578004208
"SI","pooled","income_decile","mean",4.97442526550579
"SI","pooled","income_decile","median",5
"SI","pooled","stdworker_NotEmployed","share",0.16409398524827
"SI","pooled","stdworker_Standard","share",0.65341038704281
"SI","pooled","stdworker_NonStandard","share",0.182495627708919
"SI","pooled","frame","N",39453
"SI","2022","SI_scale","mean",3.87482215447154
"SI","2022","SI_scale","sd",0.700739578659285
"SI","2022","SI_scale","n",19680
"SI","2022","aiie_score","mean",0.237194422631525
"SI","2022","aiie_score","sd",0.977828147746417
"SI","2022","aiie_cwc","mean",-0.0274306588029047
"SI","2022","aiie_cwc","sd",0.965528383942337
"SI","2022","edu2_low","share",0.0679878048780488
"SI","2022","sex2_female","share",0.488668699186992
"SI","2022","agegrp_1","share",0.110619918699187
"SI","2022","agegrp_2","share",0.211686991869919
"SI","2022","agegrp_3","share",0.219969512195122
"SI","2022","agegrp_4","share",0.23150406504065
"SI","2022","agegrp_5","share",0.226219512195122
"SI","2022","income_decile","mean",5.23048780487805
"SI","2022","income_decile","median",5
"SI","2022","stdworker_NotEmployed","share",0.189481707317073
"SI","2022","stdworker_Standard","share",0.622815040650406
"SI","2022","stdworker_NonStandard","share",0.18770325203252
"SI","2022","frame","N",19680
"SI","2024","SI_scale","mean",3.90715453733205
"SI","2024","SI_scale","sd",0.676732172378806
"SI","2024","SI_scale","n",19773
"SI","2024","aiie_score","mean",0.29207866901015
"SI","2024","aiie_score","sd",1.00051751247711
"SI","2024","aiie_cwc","mean",0.0294966993305696
"SI","2024","aiie_cwc","sd",0.990604638573766
"SI","2024","edu2_low","share",0.073433469883174
"SI","2024","sex2_female","share",0.485611692712284
"SI","2024","agegrp_1","share",0.111717999291964
"SI","2024","agegrp_2","share",0.220705001770091
"SI","2024","agegrp_3","share",0.226723309563546
"SI","2024","agegrp_4","share",0.227178475699186
"SI","2024","agegrp_5","share",0.213675213675214
"SI","2024","income_decile","mean",4.71956708643099
"SI","2024","income_decile","median",4
"SI","2024","stdworker_NotEmployed","share",0.13882567137005
"SI","2024","stdworker_Standard","share",0.683861831790826
"SI","2024","stdworker_NonStandard","share",0.177312496839124
"SI","2024","frame","N",19773
