DATAFLOW,LAST UPDATE,freq,unit,sex,age,reason,geo,TIME_PERIOD,OBS_VALUE,OBS_FLAG,CONF_STATUS
ESTAT:LFSA_ETGAR(1.0),17/04/26 11:00:00,A,PC_SAL_TEMP,T,Y15-64,NF_PJOB,AT,2020,7.7,,
ESTAT:LFSA_ETGAR(1.0),17/04/26 11:00:00,A,PC_SAL_TEMP,T,Y15-64,NF_PJOB,AT,2021,3.7,b,
ESTAT:LFSA_ETGAR(1.0),17/04/26 11:00:00,A,PC_SAL_TEMP,T,Y15-64,NF_PJOB,AT,2022,3.3,u,
ESTAT:LFSA_ETGAR(1.0),17/04/26 11:00:00,A,PC_SAL_TEMP,T,Y15-64,NF_PJOB,AT,2023,2.7,u,
ESTAT:LFSA_ETGAR(1.0),17/04/26 11:00:00,A,PC_SAL_TEMP,T,Y15-64,NF_PJOB,AT,2024,2.9,u,
ESTAT:LFSA_ETGAR(1.0),17/04/26 11:00:00,A,PC_SAL_TEMP,T,Y15-64,NF_PJOB,BA,2021,71.8,b,
ESTAT:LFSA_ETGAR(1.0),17/04/26 11:00:00,A,PC_SAL_TEMP,T,Y15-64,NF_PJOB,BA,2022,67.1,,
ESTAT:LFSA_ETGAR(1.0),17/04/26 11:00:00,A,PC_SAL_TEMP,T,Y15-64,NF_PJOB,BA,2023,58.2,,
ESTAT:LFSA_ETGAR(1.0),17/04/26 11:00:00,A,PC_SAL_TEMP,T,Y15-64,NF_PJOB,BA,2024,52.6,,
ESTAT:LFSA_ETGAR(1.0),17/04/26 11:00:00,A,PC_SAL_TEMP,T,Y15-64,NF_PJOB,BE,2020,68.6,,
ESTAT:LFSA_ETGAR(1.0),17/04/26 11:00:00,A,PC_SAL_TEMP,T,Y15-64,NF_PJOB,BE,2021,29.8,b,
ESTAT:LFSA_ETGAR(1.0),17/04/26 11:00:00,A,PC_SAL_TEMP,T,Y15-64,NF_PJOB,BE,2022,28.7,,
ESTAT:LFSA_ETGAR(1.0),17/04/26 11:00:00,A,PC_SAL_TEMP,T,Y15-64,NF_PJOB,BE,2023,19.4,,
ESTAT:LFSA_ETGAR(1.0),17/04/26 11:00:00,A,PC_SAL_TEMP,T,Y15-64,NF_PJOB,BE,2024,20.7,,
ESTAT:LFSA_ETGAR(1.0),17/04/26 11:00:00,A,PC_SAL_TEMP,T,Y15-64,NF_PJOB,BG,2020,70.5,,
ESTAT:LFSA_ETGAR(1.0),17/04/26 11:00:00,A,PC_SAL_TEMP,T,Y15-64,NF_PJOB,BG,2021,50.9,b,
ESTAT:LFSA_ETGAR(1.0),17/04/26 11:00:00,A,PC_SAL_TEMP,T,Y15-64,NF_PJOB,BG,2022,52.5,,
ESTAT:LFSA_ETGAR(1.0),17/04/26 11:00:00,A,PC_SAL_TEMP,T,Y15-64,NF_PJOB,BG,2023,54.1,,
ESTAT:LFSA_ETGAR(1.0),17/04/26 11:00:00,A,PC_SAL_TEMP,T,Y15-64,NF_PJOB,BG,2024,49.1,b,
ESTAT:LFSA_ETGAR(1.0),17/04/26 11:00:00,A,PC_SAL_TEMP,T,Y15-64,NF_PJOB,CH,2020,11.5,,
ESTAT:LFSA_ETGAR(1.0),17/04/26 11:00:00,A,PC_SAL_TEMP,T,Y15-64,NF_PJOB,CH,2021,13.5,b,
ESTAT:LFSA_ETGAR(1.0),17/04/26 11:00:00,A,PC_SAL_TEMP,T,Y15-64,NF_PJOB,CH,2022,11.7,,
ESTAT:LFSA_ETGAR(1.0),17/04/26 11:00:00,A,PC_SAL_TEMP,T,Y15-64,NF_PJOB,CH,2023,10.8,,
ESTAT:LFSA_ETGAR(1.0),17/04/26 11:00:00,A,PC_SAL_TEMP,T,Y15-64,NF_PJOB,CH,2024,10.5,,
ESTAT:LFSA_ETGAR(1.0),17/04/26 11:00:00,A,PC_SAL_TEMP,T,Y15-64,NF_PJOB,CY,2020,95.3,,
ESTAT:LFSA_ETGAR(1.0),17/04/26 11:00:00,A,PC_SAL_TEMP,T,Y15-64,NF_PJOB,CY,2021,88.0,b,
ESTAT:LFSA_ETGAR(1.0),17/04/26 11:00:00,A,PC_SAL_TEMP,T,Y15-64,NF_PJOB,CY,2022,85.1,,
ESTAT:LFSA_ETGAR(1.0),17/04/26 11:00:00,A,PC_SAL_TEMP,T,Y15-64,NF_PJOB,CY,2023,89.2,,
ESTAT:LFSA_ETGAR(1.0),17/04/26 11:00:00,A,PC_SAL_TEMP,T,Y15-64,NF_PJOB,CY,2024,90.0,,
ESTAT:LFSA_ETGAR(1.0),17/04/26 11:00:00,A,PC_SAL_TEMP,T,Y15-64,NF_PJOB,CZ,2020,62.4,,
ESTAT:LFSA_ETGAR(1.0),17/04/26 11:00:00,A,PC_SAL_TEMP,T,Y15-64,NF_PJOB,CZ,2021,33.3,b,
ESTAT:LFSA_ETGAR(1.0),17/04/26 11:00:00,A,PC_SAL_TEMP,T,Y15-64,NF_PJOB,CZ,2022,26.6,,
ESTAT:LFSA_ETGAR(1.0),17/04/26 11:00:00,A,PC_SAL_TEMP,T,Y15-64,NF_PJOB,CZ,2023,19.8,,
ESTAT:LFSA_ETGAR(1.0),17/04/26 11:00:00,A,PC_SAL_TEMP,T,Y15-64,NF_PJOB,CZ,2024,19.2,,
ESTAT:LFSA_ETGAR(1.0),17/04/26 11:00:00,A,PC_SAL_TEMP,T,Y15-64,NF_PJOB,DE,2020,6.5,b,
ESTAT:LFSA_ETGAR(1.0),17/04/26 11:00:00,A,PC_SAL_TEMP,T,Y15-64,NF_PJOB,DE,2021,6.6,b,
ESTAT:LFSA_ETGAR(1.0),17/04/26 11:00:00,A,PC_SAL_TEMP,T,Y15-64,NF_PJOB,DE,2022,5.6,,
ESTAT:LFSA_ETGAR(1.0),17/04/26 11:00:00,A,PC_SAL_TEMP,T,Y15-64,NF_PJOB,DE,2023,5.0,,
ESTAT:LFSA_ETGAR(1.0),17/04/26 11:00:00,A,PC_SAL_TEMP,T,Y15-64,NF_PJOB,DE,2024,5.2,,
ESTAT:LFSA_ETGAR(1.0),17/04/26 11:00:00,A,PC_SAL_TEMP,T,Y15-64,NF_PJOB,DK,2020,34.1,,
ESTAT:LFSA_ETGAR(1.0),17/04/26 11:00:00,A,PC_SAL_TEMP,T,Y15-64,NF_PJOB,DK,2021,16.8,b,
ESTAT:LFSA_ETGAR(1.0),17/04/26 11:00:00,A,PC_SAL_TEMP,T,Y15-64,NF_PJOB,DK,2022,12.4,,
ESTAT:LFSA_ETGAR(1.0),17/04/26 11:00:00,A,PC_SAL_TEMP,T,Y15-64,NF_PJOB,DK,2023,11.9,,
ESTAT:LFSA_ETGAR(1.0),17/04/26 11:00:00,A,PC_SAL_TEMP,T,Y15-64,NF_PJOB,DK,2024,13.9,,
ESTAT:LFSA_ETGAR(1.0),17/04/26 11:00:00,A,PC_SAL_TEMP,T,Y15-64,NF_PJOB,EA21,2020,51.3,,
ESTAT:LFSA_ETGAR(1.0),17/04/26 11:00:00,A,PC_SAL_TEMP,T,Y15-64,NF_PJOB,EA21,2021,37.2,b,
ESTAT:LFSA_ETGAR(1.0),17/04/26 11:00:00,A,PC_SAL_TEMP,T,Y15-64,NF_PJOB,EA21,2022,32.0,,
ESTAT:LFSA_ETGAR(1.0),17/04/26 11:00:00,A,PC_SAL_TEMP,T,Y15-64,NF_PJOB,EA21,2023,29.9,,
ESTAT:LFSA_ETGAR(1.0),17/04/26 11:00:00,A,PC_SAL_TEMP,T,Y15-64,NF_PJOB,EA21,2024,27.9,,
ESTAT:LFSA_ETGAR(1.0),17/04/26 11:00:00,A,PC_SAL_TEMP,T,Y15-64,NF_PJOB,EE,2020,12.2,u,
ESTAT:LFSA_ETGAR(1.0),17/04/26 11:00:00,A,PC_SAL_TEMP,T,Y15-64,NF_PJOB,EE,2021,31.6,bu,
ESTAT:LFSA_ETGAR(1.0),17/04/26 11:00:00,A,PC_SAL_TEMP,T,Y15-64,NF_PJOB,EE,2022,5.1,u,
ESTAT:LFSA_ETGAR(1.0),17/04/26 11:00:00,A,PC_SAL_TEMP,T,Y15-64,NF_PJOB,EE,2023,,u,
ESTAT:LFSA_ETGAR(1.0),17/04/26 11:00:00,A,PC_SAL_TEMP,T,Y15-64,NF_PJOB,EE,2024,17.7,,
ESTAT:LFSA_ETGAR(1.0),17/04/26 11:00:00,A,PC_SAL_TEMP,T,Y15-64,NF_PJOB,EL,2020,72.6,,
ESTAT:LFSA_ETGAR(1.0),17/04/26 11:00:00,A,PC_SAL_TEMP,T,Y15-64,NF_PJOB,EL,2021,46.5,b,
ESTAT:LFSA_ETGAR(1.0),17/04/26 11:00:00,A,PC_SAL_TEMP,T,Y15-64,NF_PJOB,EL,2022,30.7,,
ESTAT:LFSA_ETGAR(1.0),17/04/26 11:00:00,A,PC_SAL_TEMP,T,Y15-64,NF_PJOB,EL,2023,47.8,,
ESTAT:LFSA_ETGAR(1.0),17/04/26 11:00:00,A,PC_SAL_TEMP,T,Y15-64,NF_PJOB,EL,2024,37.3,,
ESTAT:LFSA_ETGAR(1.0),17/04/26 11:00:00,A,PC_SAL_TEMP,T,Y15-64,NF_PJOB,ES,2020,81.8,,
ESTAT:LFSA_ETGAR(1.0),17/04/26 11:00:00,A,PC_SAL_TEMP,T,Y15-64,NF_PJOB,ES,2021,68.4,bd,
ESTAT:LFSA_ETGAR(1.0),17/04/26 11:00:00,A,PC_SAL_TEMP,T,Y15-64,NF_PJOB,ES,2022,63.4,d,
ESTAT:LFSA_ETGAR(1.0),17/04/26 11:00:00,A,PC_SAL_TEMP,T,Y15-64,NF_PJOB,ES,2023,60.0,d,
ESTAT:LFSA_ETGAR(1.0),17/04/26 11:00:00,A,PC_SAL_TEMP,T,Y15-64,NF_PJOB,ES,2024,54.7,d,
ESTAT:LFSA_ETGAR(1.0),17/04/26 11:00:00,A,PC_SAL_TEMP,T,Y15-64,NF_PJOB,EU27_2020,2020,50.9,,
ESTAT:LFSA_ETGAR(1.0),17/04/26 11:00:00,A,PC_SAL_TEMP,T,Y15-64,NF_PJOB,EU27_2020,2021,36.1,b,
ESTAT:LFSA_ETGAR(1.0),17/04/26 11:00:00,A,PC_SAL_TEMP,T,Y15-64,NF_PJOB,EU27_2020,2022,31.0,,
ESTAT:LFSA_ETGAR(1.0),17/04/26 11:00:00,A,PC_SAL_TEMP,T,Y15-64,NF_PJOB,EU27_2020,2023,28.8,,
ESTAT:LFSA_ETGAR(1.0),17/04/26 11:00:00,A,PC_SAL_TEMP,T,Y15-64,NF_PJOB,EU27_2020,2024,26.6,,
ESTAT:LFSA_ETGAR(1.0),17/04/26 11:00:00,A,PC_SAL_TEMP,T,Y15-64,NF_PJOB,FI,2020,65.7,,
ESTAT:LFSA_ETGAR(1.0),17/04/26 11:00:00,A,PC_SAL_TEMP,T,Y15-64,NF_PJOB,FI,2021,25.0,b,
ESTAT:LFSA_ETGAR(1.0),17/04/26 11:00:00,A,PC_SAL_TEMP,T,Y15-64,NF_PJOB,FI,2022,21.0,,
ESTAT:LFSA_ETGAR(1.0),17/04/26 11:00:00,A,PC_SAL_TEMP,T,Y15-64,NF_PJOB,FI,2023,15.7,,
ESTAT:LFSA_ETGAR(1.0),17/04/26 11:00:00,A,PC_SAL_TEMP,T,Y15-64,NF_PJOB,FI,2024,16.4,,
ESTAT:LFSA_ETGAR(1.0),17/04/26 11:00:00,A,PC_SAL_TEMP,T,Y15-64,NF_PJOB,FR,2020,48.7,,
ESTAT:LFSA_ETGAR(1.0),17/04/26 11:00:00,A,PC_SAL_TEMP,T,Y15-64,NF_PJOB,FR,2021,37.7,bd,
ESTAT:LFSA_ETGAR(1.0),17/04/26 11:00:00,A,PC_SAL_TEMP,T,Y15-64,NF_PJOB,FR,2022,27.7,d,
ESTAT:LFSA_ETGAR(1.0),17/04/26 11:00:00,A,PC_SAL_TEMP,T,Y15-64,NF_PJOB,FR,2023,24.5,d,
ESTAT:LFSA_ETGAR(1.0),17/04/26 11:00:00,A,PC_SAL_TEMP,T,Y15-64,NF_PJOB,FR,2024,23.8,d,
ESTAT:LFSA_ETGAR(1.0),17/04/26 11:00:00,A,PC_SAL_TEMP,T,Y15-64,NF_PJOB,HR,2020,80.3,,
ESTAT:LFSA_ETGAR(1.0),17/04/26 11:00:00,A,PC_SAL_TEMP,T,Y15-64,NF_PJOB,HR,2021,62.8,b,
ESTAT:LFSA_ETGAR(1.0),17/04/26 11:00:00,A,PC_SAL_TEMP,T,Y15-64,NF_PJOB,HR,2022,59.1,,
ESTAT:LFSA_ETGAR(1.0),17/04/26 11:00:00,A,PC_SAL_TEMP,T,Y15-64,NF_PJOB,HR,2023,57.1,,
ESTAT:LFSA_ETGAR(1.0),17/04/26 11:00:00,A,PC_SAL_TEMP,T,Y15-64,NF_PJOB,HR,2024,48.9,,
ESTAT:LFSA_ETGAR(1.0),17/04/26 11:00:00,A,PC_SAL_TEMP,T,Y15-64,NF_PJOB,HU,2020,70.2,,
ESTAT:LFSA_ETGAR(1.0),17/04/26 11:00:00,A,PC_SAL_TEMP,T,Y15-64,NF_PJOB,HU,2021,24.8,b,
ESTAT:LFSA_ETGAR(1.0),17/04/26 11:00:00,A,PC_SAL_TEMP,T,Y15-64,NF_PJOB,HU,2022,24.3,,
ESTAT:LFSA_ETGAR(1.0),17/04/26 11:00:00,A,PC_SAL_TEMP,T,Y15-64,NF_PJOB,HU,2023,22.1,,
ESTAT:LFSA_ETGAR(1.0),17/04/26 11:00:00,A,PC_SAL_TEMP,T,Y15-64,NF_PJOB,HU,2024,22.7,,
ESTAT:LFSA_ETGAR(1.0),17/04/26 11:00:00,A,PC_SAL_TEMP,T,Y15-64,NF_PJOB,IE,2020,25.6,,
ESTAT:LFSA_ETGAR(1.0),17/04/26 11:00:00,A,PC_SAL_TEMP,T,Y15-64,NF_PJOB,IE,2021,17.4,b,
ESTAT:LFSA_ETGAR(1.0),17/04/26 11:00:00,A,PC_SAL_TEMP,T,Y15-64,NF_PJOB,IE,2022,19.0,,
ESTAT:LFSA_ETGAR(1.0),17/04/26 11:00:00,A,PC_SAL_TEMP,T,Y15-64,NF_PJOB,IE,2023,16.9,,
ESTAT:LFSA_ETGAR(1.0),17/04/26 11:00:00,A,PC_SAL_TEMP,T,Y15-64,NF_PJOB,IE,2024,14.6,,
ESTAT:LFSA_ETGAR(1.0),17/04/26 11:00:00,A,PC_SAL_TEMP,T,Y15-64,NF_PJOB,IS,2020,,bu,
ESTAT:LFSA_ETGAR(1.0),17/04/26 11:00:00,A,PC_SAL_TEMP,T,Y15-64,NF_PJOB,IT,2020,79.5,,
ESTAT:LFSA_ETGAR(1.0),17/04/26 11:00:00,A,PC_SAL_TEMP,T,Y15-64,NF_PJOB,IT,2021,50.9,b,
ESTAT:LFSA_ETGAR(1.0),17/04/26 11:00:00,A,PC_SAL_TEMP,T,Y15-64,NF_PJOB,IT,2022,50.6,,
ESTAT:LFSA_ETGAR(1.0),17/04/26 11:00:00,A,PC_SAL_TEMP,T,Y15-64,NF_PJOB,IT,2023,51.2,,
ESTAT:LFSA_ETGAR(1.0),17/04/26 11:00:00,A,PC_SAL_TEMP,T,Y15-64,NF_PJOB,IT,2024,52.2,,
ESTAT:LFSA_ETGAR(1.0),17/04/26 11:00:00,A,PC_SAL_TEMP,T,Y15-64,NF_PJOB,LT,2020,55.3,,
ESTAT:LFSA_ETGAR(1.0),17/04/26 11:00:00,A,PC_SAL_TEMP,T,Y15-64,NF_PJOB,LT,2021,27.8,b,
ESTAT:LFSA_ETGAR(1.0),17/04/26 11:00:00,A,PC_SAL_TEMP,T,Y15-64,NF_PJOB,LT,2022,20.6,,
ESTAT:LFSA_ETGAR(1.0),17/04/26 11:00:00,A,PC_SAL_TEMP,T,Y15-64,NF_PJOB,LT,2023,25.8,,
ESTAT:LFSA_ETGAR(1.0),17/04/26 11:00:00,A,PC_SAL_TEMP,T,Y15-64,NF_PJOB,LT,2024,20.3,,
ESTAT:LFSA_ETGAR(1.0),17/04/26 11:00:00,A,PC_SAL_TEMP,T,Y15-64,NF_PJOB,LU,2020,63.2,,
ESTAT:LFSA_ETGAR(1.0),17/04/26 11:00:00,A,PC_SAL_TEMP,T,Y15-64,NF_PJOB,LU,2021,10.2,b,
ESTAT:LFSA_ETGAR(1.0),17/04/26 11:00:00,A,PC_SAL_TEMP,T,Y15-64,NF_PJOB,LU,2022,13.7,,
ESTAT:LFSA_ETGAR(1.0),17/04/26 11:00:00,A,PC_SAL_TEMP,T,Y15-64,NF_PJOB,LU,2023,13.1,u,
ESTAT:LFSA_ETGAR(1.0),17/04/26 11:00:00,A,PC_SAL_TEMP,T,Y15-64,NF_PJOB,LU,2024,15.4,,
ESTAT:LFSA_ETGAR(1.0),17/04/26 11:00:00,A,PC_SAL_TEMP,T,Y15-64,NF_PJOB,LV,2020,59.1,,
ESTAT:LFSA_ETGAR(1.0),17/04/26 11:00:00,A,PC_SAL_TEMP,T,Y15-64,NF_PJOB,LV,2021,31.0,bu,
ESTAT:LFSA_ETGAR(1.0),17/04/26 11:00:00,A,PC_SAL_TEMP,T,Y15-64,NF_PJOB,LV,2022,,u,
ESTAT:LFSA_ETGAR(1.0),17/04/26 11:00:00,A,PC_SAL_TEMP,T,Y15-64,NF_PJOB,LV,2023,,u,
ESTAT:LFSA_ETGAR(1.0),17/04/26 11:00:00,A,PC_SAL_TEMP,T,Y15-64,NF_PJOB,LV,2024,,u,
ESTAT:LFSA_ETGAR(1.0),17/04/26 11:00:00,A,PC_SAL_TEMP,T,Y15-64,NF_PJOB,ME,2020,91.0,,
ESTAT:LFSA_ETGAR(1.0),17/04/26 11:00:00,A,PC_SAL_TEMP,T,Y15-64,NF_PJOB,MK,2020,70.2,,
ESTAT:LFSA_ETGAR(1.0),17/04/26 11:00:00,A,PC_SAL_TEMP,T,Y15-64,NF_PJOB,MK,2021,70.1,b,
ESTAT:LFSA_ETGAR(1.0),17/04/26 11:00:00,A,PC_SAL_TEMP,T,Y15-64,NF_PJOB,MK,2022,67.8,,
ESTAT:LFSA_ETGAR(1.0),17/04/26 11:00:00,A,PC_SAL_TEMP,T,Y15-64,NF_PJOB,MK,2023,68.0,,
ESTAT:LFSA_ETGAR(1.0),17/04/26 11:00:00,A,PC_SAL_TEMP,T,Y15-64,NF_PJOB,MK,2024,70.3,,
ESTAT:LFSA_ETGAR(1.0),17/04/26 11:00:00,A,PC_SAL_TEMP,T,Y15-64,NF_PJOB,MT,2020,32.3,,
ESTAT:LFSA_ETGAR(1.0),17/04/26 11:00:00,A,PC_SAL_TEMP,T,Y15-64,NF_PJOB,MT,2021,12.2,bu,
ESTAT:LFSA_ETGAR(1.0),17/04/26 11:00:00,A,PC_SAL_TEMP,T,Y15-64,NF_PJOB,MT,2022,19.5,,
ESTAT:LFSA_ETGAR(1.0),17/04/26 11:00:00,A,PC_SAL_TEMP,T,Y15-64,NF_PJOB,MT,2023,12.2,,
ESTAT:LFSA_ETGAR(1.0),17/04/26 11:00:00,A,PC_SAL_TEMP,T,Y15-64,NF_PJOB,MT,2024,8.6,u,
ESTAT:LFSA_ETGAR(1.0),17/04/26 11:00:00,A,PC_SAL_TEMP,T,Y15-64,NF_PJOB,NL,2020,25.3,,
ESTAT:LFSA_ETGAR(1.0),17/04/26 11:00:00,A,PC_SAL_TEMP,T,Y15-64,NF_PJOB,NL,2021,15.8,b,
ESTAT:LFSA_ETGAR(1.0),17/04/26 11:00:00,A,PC_SAL_TEMP,T,Y15-64,NF_PJOB,NL,2022,13.7,,
ESTAT:LFSA_ETGAR(1.0),17/04/26 11:00:00,A,PC_SAL_TEMP,T,Y15-64,NF_PJOB,NL,2023,13.2,,
ESTAT:LFSA_ETGAR(1.0),17/04/26 11:00:00,A,PC_SAL_TEMP,T,Y15-64,NF_PJOB,NL,2024,13.2,,
ESTAT:LFSA_ETGAR(1.0),17/04/26 11:00:00,A,PC_SAL_TEMP,T,Y15-64,NF_PJOB,NO,2020,47.4,,
ESTAT:LFSA_ETGAR(1.0),17/04/26 11:00:00,A,PC_SAL_TEMP,T,Y15-64,NF_PJOB,NO,2021,22.8,b,
ESTAT:LFSA_ETGAR(1.0),17/04/26 11:00:00,A,PC_SAL_TEMP,T,Y15-64,NF_PJOB,NO,2022,30.0,,
ESTAT:LFSA_ETGAR(1.0),17/04/26 11:00:00,A,PC_SAL_TEMP,T,Y15-64,NF_PJOB,NO,2023,26.4,,
ESTAT:LFSA_ETGAR(1.0),17/04/26 11:00:00,A,PC_SAL_TEMP,T,Y15-64,NF_PJOB,NO,2024,28.3,,
ESTAT:LFSA_ETGAR(1.0),17/04/26 11:00:00,A,PC_SAL_TEMP,T,Y15-64,NF_PJOB,PL,2020,45.1,,
ESTAT:LFSA_ETGAR(1.0),17/04/26 11:00:00,A,PC_SAL_TEMP,T,Y15-64,NF_PJOB,PL,2021,33.5,b,
ESTAT:LFSA_ETGAR(1.0),17/04/26 11:00:00,A,PC_SAL_TEMP,T,Y15-64,NF_PJOB,PL,2022,27.2,,
ESTAT:LFSA_ETGAR(1.0),17/04/26 11:00:00,A,PC_SAL_TEMP,T,Y15-64,NF_PJOB,PL,2023,23.6,,
ESTAT:LFSA_ETGAR(1.0),17/04/26 11:00:00,A,PC_SAL_TEMP,T,Y15-64,NF_PJOB,PL,2024,19.2,,
ESTAT:LFSA_ETGAR(1.0),17/04/26 11:00:00,A,PC_SAL_TEMP,T,Y15-64,NF_PJOB,PT,2020,82.3,,
ESTAT:LFSA_ETGAR(1.0),17/04/26 11:00:00,A,PC_SAL_TEMP,T,Y15-64,NF_PJOB,PT,2021,55.5,b,
ESTAT:LFSA_ETGAR(1.0),17/04/26 11:00:00,A,PC_SAL_TEMP,T,Y15-64,NF_PJOB,PT,2022,54.3,,
ESTAT:LFSA_ETGAR(1.0),17/04/26 11:00:00,A,PC_SAL_TEMP,T,Y15-64,NF_PJOB,PT,2023,56.2,,
ESTAT:LFSA_ETGAR(1.0),17/04/26 11:00:00,A,PC_SAL_TEMP,T,Y15-64,NF_PJOB,PT,2024,36.9,,
ESTAT:LFSA_ETGAR(1.0),17/04/26 11:00:00,A,PC_SAL_TEMP,T,Y15-64,NF_PJOB,RO,2020,84.8,,
ESTAT:LFSA_ETGAR(1.0),17/04/26 11:00:00,A,PC_SAL_TEMP,T,Y15-64,NF_PJOB,RO,2021,59.7,b,
ESTAT:LFSA_ETGAR(1.0),17/04/26 11:00:00,A,PC_SAL_TEMP,T,Y15-64,NF_PJOB,RO,2022,58.4,,
ESTAT:LFSA_ETGAR(1.0),17/04/26 11:00:00,A,PC_SAL_TEMP,T,Y15-64,NF_PJOB,RO,2023,58.8,,
ESTAT:LFSA_ETGAR(1.0),17/04/26 11:00:00,A,PC_SAL_TEMP,T,Y15-64,NF_PJOB,RO,2024,59.3,,
ESTAT:LFSA_ETGAR(1.0),17/04/26 11:00:00,A,PC_SAL_TEMP,T,Y15-64,NF_PJOB,RS,2020,88.3,,
ESTAT:LFSA_ETGAR(1.0),17/04/26 11:00:00,A,PC_SAL_TEMP,T,Y15-64,NF_PJOB,RS,2021,70.2,b,
ESTAT:LFSA_ETGAR(1.0),17/04/26 11:00:00,A,PC_SAL_TEMP,T,Y15-64,NF_PJOB,RS,2022,72.7,,
ESTAT:LFSA_ETGAR(1.0),17/04/26 11:00:00,A,PC_SAL_TEMP,T,Y15-64,NF_PJOB,RS,2023,70.9,,
ESTAT:LFSA_ETGAR(1.0),17/04/26 11:00:00,A,PC_SAL_TEMP,T,Y15-64,NF_PJOB,RS,2024,67.7,,
ESTAT:LFSA_ETGAR(1.0),17/04/26 11:00:00,A,PC_SAL_TEMP,T,Y15-64,NF_PJOB,SE,2020,54.1,,
ESTAT:LFSA_ETGAR(1.0),17/04/26 11:00:00,A,PC_SAL_TEMP,T,Y15-64,NF_PJOB,SE,2021,19.0,b,
ESTAT:LFSA_ETGAR(1.0),17/04/26 11:00:00,A,PC_SAL_TEMP,T,Y15-64,NF_PJOB,SE,2022,19.9,,
ESTAT:LFSA_ETGAR(1.0),17/04/26 11:00:00,A,PC_SAL_TEMP,T,Y15-64,NF_PJOB,SE,2023,19.8,,
ESTAT:LFSA_ETGAR(1.0),17/04/26 11:00:00,A,PC_SAL_TEMP,T,Y15-64,NF_PJOB,SE,2024,17.9,,
ESTAT:LFSA_ETGAR(1.0),17/04/26 11:00:00,A,PC_SAL_TEMP,T,Y15-64,NF_PJOB,SI,2020,41.1,,
ESTAT:LFSA_ETGAR(1.0),17/04/26 11:00:00,A,PC_SAL_TEMP,T,Y15-64,NF_PJOB,SI,2021,26.9,b,
ESTAT:LFSA_ETGAR(1.0),17/04/26 11:00:00,A,PC_SAL_TEMP,T,Y15-64,NF_PJOB,SI,2022,21.2,,
ESTAT:LFSA_ETGAR(1.0),17/04/26 11:00:00,A,PC_SAL_TEMP,T,Y15-64,NF_PJOB,SI,2023,20.4,,
ESTAT:LFSA_ETGAR(1.0),17/04/26 11:00:00,A,PC_SAL_TEMP,T,Y15-64,NF_PJOB,SI,2024,12.8,u,
ESTAT:LFSA_ETGAR(1.0),17/04/26 11:00:00,A,PC_SAL_TEMP,T,Y15-64,NF_PJOB,SK,2020,72.9,,
ESTAT:LFSA_ETGAR(1.0),17/04/26 11:00:00,A,PC_SAL_TEMP,T,Y15-64,NF_PJOB,SK,2021,61.3,b,
ESTAT:LFSA_ETGAR(1.0),17/04/26 11:00:00,A,PC_SAL_TEMP,T,Y15-64,NF_PJOB,SK,2022,52.8,,
ESTAT:LFSA_ETGAR(1.0),17/04/26 11:00:00,A,PC_SAL_TEMP,T,Y15-64,NF_PJOB,SK,2023,47.2,,
ESTAT:LFSA_ETGAR(1.0),17/04/26 11:00:00,A,PC_SAL_TEMP,T,Y15-64,NF_PJOB,SK,2024,43.0,,
ESTAT:LFSA_ETGAR(1.0),17/04/26 11:00:00,A,PC_SAL_TEMP,T,Y15-64,NF_PJOB,TR,2020,78.9,,
ESTAT:LFSA_ETGAR(1.0),17/04/26 11:00:00,A,PC_SAL_TEMP,T,Y15-64,NF_PJOB,TR,2021,72.4,b,
ESTAT:LFSA_ETGAR(1.0),17/04/26 11:00:00,A,PC_SAL_TEMP,T,Y15-64,NF_PJOB,TR,2022,68.7,,
ESTAT:LFSA_ETGAR(1.0),17/04/26 11:00:00,A,PC_SAL_TEMP,T,Y15-64,NF_PJOB,TR,2023,62.9,,
ESTAT:LFSA_ETGAR(1.0),17/04/26 11:00:00,A,PC_SAL_TEMP,T,Y15-64,NF_PJOB,TR,2024,60.0,,
