country_iso3,year,gdp_per_capita_ppp
AFE,2024,4635.7882240455
AFE,2023,4501.6011005616
AFE,2022,4369.19105632365
AFE,2021,4028.37650387745
AFW,2024,6815.99096115117
AFW,2023,6520.28031254058
AFW,2022,6220.12287462026
AFW,2021,5690.96774324307
ARB,2024,18870.3148110507
ARB,2023,18488.7415611006
ARB,2022,17956.1315624334
ARB,2021,16026.6357038322
CSS,2024,38624.0605441698
CSS,2023,32868.2089967349
CSS,2022,28974.9965495457
CSS,2021,23493.3054375431
CEB,2024,50487.3304819118
CEB,2023,47989.0336580339
CEB,2022,45290.5666614934
CEB,2021,40122.4708640722
EAR,2024,13995.4055576952
EAR,2023,13251.6405875685
EAR,2022,12274.9678650021
EAR,2021,10813.1164187462
EAS,2024,27285.2112349993
EAS,2023,25623.4876925682
EAS,2022,23692.0109735948
EAS,2021,21508.4957629882
EAP,2024,23248.0251794368
EAP,2023,21666.586245648
EAP,2022,19926.1047343008
EAP,2021,17966.232211586
TEA,2024,23509.7241651154
TEA,2023,21910.1107554067
TEA,2022,20149.6883288908
TEA,2021,18167.5298896498
EMU,2024,66097.0207220176
EMU,2023,64036.3243961557
EMU,2022,60990.0364610388
EMU,2021,54187.8852814181
ECS,2024,52463.146580384
ECS,2023,50252.4490126679
ECS,2022,47640.0487461793
ECS,2021,42315.3860874903
ECA,2024,29333.2558966594
ECA,2023,27541.8246833293
ECA,2022,25117.9927611835
ECA,2021,22121.8258332363
TEC,2024,38139.1215730346
TEC,2023,35796.1155604848
TEC,2022,33015.0576725036
TEC,2021,29887.2836538263
EUU,2024,63585.4051981695
EUU,2023,61368.1097230199
EUU,2022,58483.7060713344
EUU,2021,51969.9654059153
FCS,2024,6394.56591330945
FCS,2023,6234.09052638352
FCS,2022,5994.67753109439
FCS,2021,5760.78191095204
HPC,2024,3611.76258813976
HPC,2023,3449.70857928077
HPC,2022,3310.58112579977
HPC,2021,3035.06077004993
IBD,2024,21125.5295962749
IBD,2023,19833.3049201231
IBD,2022,18299.61832655
IBD,2021,16457.4028746827
IBT,2024,16789.1368628921
IBT,2023,15834.6785727655
IBT,2022,14703.1017925182
IBT,2021,13279.4102920713
IDB,2024,7631.62285195617
IDB,2023,7301.41287406728
IDB,2022,6994.2427729342
IDB,2021,6358.44134848704
IDX,2024,4697.56142203104
IDX,2023,4484.0573049152
IDX,2022,4276.6465402745
IDX,2021,3909.4907910926
IDA,2024,5710.14462861054
IDA,2023,5459.15149707535
IDA,2022,5219.70345539381
IDA,2021,4760.4421186649
LTE,2024,28317.7912539744
LTE,2023,26461.845974943
LTE,2022,24509.735419639
LTE,2021,22189.5949316763
LCN,2024,23104.5519806078
LCN,2023,22091.9909742258
LCN,2022,20842.0307149293
LCN,2021,18694.1407748025
LAC,2024,21961.1900211742
LAC,2023,21091.6097448769
LAC,2022,19941.4872916526
LAC,2021,17874.2749394029
TLA,2024,22984.6879888508
TLA,2023,21983.7516896603
TLA,2022,20740.5917002877
TLA,2021,18606.9346826623
LDC,2024,4463.99564225243
LDC,2023,4286.72070784438
LDC,2022,4096.33828281235
LDC,2021,3724.95262292927
LMY,2024,15795.1303233276
LMY,2023,14898.6485669954
LMY,2022,13817.1392007064
LMY,2021,12435.8668400966
MEA,2024,16261.9453885649
MEA,2023,15802.6631979548
MEA,2022,15194.3820682235
MEA,2021,13569.5961098198
MNA,2024,11220.6069981166
MNA,2023,10869.5026341704
MNA,2022,10374.6101051222
MNA,2021,9412.55914393398
TMN,2024,11271.5643550071
TMN,2023,10905.7472983672
TMN,2022,10405.4739425934
TMN,2021,9439.85809603556
MIC,2024,17212.4680594702
MIC,2023,16203.7273886376
MIC,2022,14990.8726240725
MIC,2021,13466.4888753658
NAC,2024,83521.8385798973
NAC,2023,80387.021822965
NAC,2022,76412.9988703282
NAC,2021,69833.4948761015
OED,2024,61972.8881275386
OED,2023,59701.2937485839
OED,2022,56824.6193173167
OED,2021,50955.6018382245
OSS,2024,29352.5557509486
OSS,2023,28037.0871693725
OSS,2022,26359.4410792879
OSS,2021,23596.4033747237
PSS,2024,8214.97072957755
PSS,2023,7855.01947624673
PSS,2022,7126.71049564329
PSS,2021,6080.31594064427
PST,2024,68080.5965373812
PST,2023,65676.3739080037
PST,2022,62328.1296216463
PST,2021,56311.677590959
PRE,2024,5268.74924891947
PRE,2023,5102.90092713158
PRE,2022,4931.92536323975
PRE,2021,4514.39993561619
SST,2024,28616.3865765196
SST,2023,26417.7236995124
SST,2022,24378.8149401534
SST,2021,21232.112433676
SAS,2024,10973.7101715805
SAS,2023,10176.3547635823
SAS,2022,9129.60173283172
SAS,2021,8015.35674462811
TSA,2024,10973.7101715804
TSA,2023,10176.3547635823
TSA,2022,9129.60173283172
TSA,2021,8015.35674462811
SSF,2024,5517.42113558704
SSF,2023,5318.14347437487
SSF,2022,5118.32275787398
SSF,2021,4702.27887357733
SSA,2024,5768.0270956302
SSA,2023,5571.64191022976
SSA,2022,5373.43713339074
SSA,2021,4939.32531341474
TSS,2024,5517.42113558704
TSS,2023,5318.14347437486
TSS,2022,5118.32275787398
TSS,2021,4702.27887357733
WLD,2024,24526.0119989325
WLD,2023,23379.1732967639
WLD,2022,21985.2888100547
WLD,2021,19857.1360041616
AFG,2024,
AFG,2023,2201.72290691677
AFG,2022,2122.99581512663
AFG,2021,2144.16657002819
ALB,2024,26701.6749563776
ALB,2023,24822.3543089995
ALB,2022,22138.4182857345
ALB,2021,18212.8702466686
DZA,2024,17620.7423956126
DZA,2023,16824.4879034627
DZA,2022,15836.0944370321
DZA,2021,14496.8654697299
ASM,2024,
ASM,2023,
ASM,2022,
ASM,2021,
AND,2024,74939.4746038578
AND,2023,71730.668682165
AND,2022,68470.0759483848
AND,2021,59332.2029100127
AGO,2024,10118.6089945408
AGO,2023,9753.60046763783
AGO,2022,9588.24129511188
AGO,2021,8862.28133314521
ATG,2024,33386.1917127894
ATG,2023,31601.7527146877
ATG,2022,29933.8893698902
ATG,2021,25745.4958067746
ARG,2024,30431.1931223693
ARG,2023,30221.4976888753
ARG,2022,29808.8073468007
ARG,2021,26300.274261175
ARM,2024,22823.1795255693
ARM,2023,21534.030536117
ARM,2022,19161.3700514189
ARM,2021,15921.705281964
ABW,2024,50649.3015232212
ABW,2023,46574.3574197653
ABW,2022,41758.8957566544
ABW,2021,35104.7868035374
AUS,2024,72111.1844628126
AUS,2023,72272.7092136683
AUS,2022,66103.1797066957
AUS,2021,58327.4146842325
AUT,2024,73911.439663136
AUT,2023,73544.6567230487
AUT,2022,72065.4974270106
AUT,2021,62968.9422311892
AZE,2024,25088.9993757134
AZE,2023,23651.5994852756
AZE,2022,22552.0886560523
AZE,2021,20111.3756952109
BHS,2024,41197.9342548477
BHS,2023,39090.1214737976
BHS,2022,36791.4010460964
BHS,2021,31064.6822166194
BHR,2024,66941.2430367989
BHR,2023,64171.0857359052
BHR,2022,61677.6538492695
BHR,2021,54954.6757895532
BGD,2024,9646.76984383255
BGD,2023,9147.7775066555
BGD,2022,8450.54902533941
BGD,2021,7441.06913961254
BRB,2024,24822.5343309908
BRB,2023,23660.4047512929
BRB,2022,22193.2487125789
BRB,2021,17682.7314537483
BLR,2024,33010.3307605357
BLR,2023,30834.1773668111
BLR,2022,28429.4948821827
BLR,2021,27611.1801135157
BEL,2024,73514.4831045258
BEL,2023,71946.1447190292
BEL,2022,69128.1388883843
BEL,2021,60669.2137746531
BLZ,2024,14346.5188049737
BLZ,2023,13729.892058721
BLZ,2022,13461.2098451613
BLZ,2021,11716.3267818656
BEN,2024,4434.5642184028
BEN,2023,4129.9661200142
BEN,2022,3844.15415745816
BEN,2021,3464.2886286745
BMU,2024,124252.835702586
BMU,2023,114372.049927372
BMU,2022,105142.409967183
BMU,2021,92319.6714861219
BTN,2024,
BTN,2023,16215.1520073153
BTN,2022,15063.8105763072
BTN,2021,13458.812666743
BOL,2024,12877.6351184372
BOL,2023,12892.1249578777
BOL,2022,12306.7293128695
BOL,2021,11202.4409836707
BIH,2024,25043.0886396127
BIH,2023,23376.2227477141
BIH,2022,21651.2952374862
BIH,2021,18286.7373324233
BWA,2024,20538.1320178889
BWA,2023,21012.10319925
BWA,2022,19976.8343794474
BWA,2021,17960.6254447437
BRA,2024,22338.4765640635
BRA,2023,21175.6186988214
BRA,2022,19876.8533531396
BRA,2021,18075.7060048757
VGB,2024,
VGB,2023,
VGB,2022,
VGB,2021,
BRN,2024,89879.3614980758
BRN,2023,85032.6008741995
BRN,2022,81801.7459224403
BRN,2021,78248.797127611
BGR,2024,41969.4515718999
BGR,2023,38829.1913208102
BGR,2022,36320.1422295192
BGR,2021,30959.1118459807
BFA,2024,2895.89152033665
BFA,2023,2759.30205484605
BFA,2022,2645.24067996611
BFA,2021,2486.43093147762
BDI,2024,1194.94681370387
BDI,2023,1149.98405842389
BDI,2022,1104.77718764878
BDI,2021,1035.53857384938
CPV,2024,11195.1205312923
CPV,2023,10242.1532011212
CPV,2022,9481.07335405605
CPV,2021,7685.41921393669
KHM,2024,7966.87352428705
KHM,2023,7430.73085709837
KHM,2022,6918.81626947213
KHM,2021,6225.53265474741
CMR,2024,5588.98645861945
CMR,2023,5410.76921937642
CMR,2022,5188.97750866081
CMR,2021,4793.55628200196
CAN,2024,64610.3795171971
CAN,2023,64219.3173928637
CAN,2022,63944.1050100687
CAN,2021,56995.1176781351
CYM,2024,
CYM,2023,88427.7866712691
CYM,2022,82295.5820704782
CYM,2021,74160.4914000191
CAF,2024,1263.10234213699
CAF,2023,1257.09435717114
CAF,2022,1217.84977141155
CAF,2021,1128.55237996459
TCD,2024,2742.65952183613
TCD,2023,2700.36055335878
TCD,2022,2624.11789713994
TCD,2021,2435.07274651099
CHI,2024,
CHI,2023,
CHI,2022,
CHI,2021,
CHL,2024,36181.156616977
CHL,2023,33145.403552025
CHL,2022,30932.0010873677
CHL,2021,29089.850459728
CHN,2024,27104.8702677463
CHN,2023,25179.1193066383
CHN,2022,23032.1766271143
CHN,2021,20843.2978347377
COL,2024,22349.436440123
COL,2023,21246.3762695201
COL,2022,20854.002999162
COL,2021,17383.0901728295
COM,2024,3958.53228789687
COM,2023,3811.65084882413
COM,2022,3641.62920390353
COM,2021,3377.88518482587
COD,2024,1821.04868718058
COD,2023,1730.62228877694
COD,2022,1590.16404219556
COD,2021,1402.38560295221
COG,2024,7026.36223281494
COG,2023,6850.27770621099
COG,2022,6647.4968173139
COG,2021,6263.21161292636
CRI,2024,31106.7643556729
CRI,2023,28908.7688743191
CRI,2022,26226.2754815949
CRI,2021,23852.9253020002
CIV,2024,7669.23195715687
CIV,2023,7237.18170740909
CIV,2022,6719.44381557637
CIV,2021,6045.20480490879
HRV,2024,49550.7921506017
HRV,2023,47759.6982995339
HRV,2022,42125.0726930931
HRV,2021,36930.2841941405
CUB,2024,
CUB,2023,
CUB,2022,
CUB,2021,
CUW,2024,32693.2939764893
CUW,2023,30651.5885510423
CUW,2022,28640.6872336026
CUW,2021,24905.7684453244
CYP,2024,63006.61328125
CYP,2023,59874.5703125
CYP,2022,55876.17578125
CYP,2021,47632.76953125
CZE,2024,57285.4237001379
CZE,2023,55761.3798291375
CZE,2022,52946.9660854462
CZE,2021,47796.0337408466
DNK,2024,81878.2349849181
DNK,2023,77892.2932609904
DNK,2022,78913.6534913127
DNK,2021,69715.1809680929
DJI,2024,7810.27869066792
DJI,2023,7225.8387957249
DJI,2022,6621.33038220409
DJI,2021,5960.10807396825
DMA,2024,21300.6848698089
DMA,2023,20285.9821663707
DMA,2022,18802.0819913205
DMA,2021,15808.9743503945
DOM,2024,27541.6625283384
DOM,2023,25839.9356687607
DOM,2022,24625.8088564037
DOM,2021,22053.4589869955
ECU,2024,15840.2668567412
ECU,2023,15918.5162948773
ECU,2022,15198.0725554473
ECU,2021,13507.4445638375
EGY,2024,19094.1449444111
EGY,2023,18524.8392997937
EGY,2022,17526.8017030166
EGY,2021,15579.0160861551
SLV,2024,13264.027090968
SLV,2023,12679.5768752061
SLV,2022,11875.9648066233
SLV,2021,10809.713399518
GNQ,2024,17566.7600284073
GNQ,2023,17411.500234384
GNQ,2022,18139.989326627
GNQ,2021,16821.4486470413
ERI,2024,
ERI,2023,
ERI,2022,
ERI,2021,
EST,2024,49968.7108278373
EST,2023,48637.1802208795
EST,2022,48217.5523106028
EST,2021,44251.5374983455
SWZ,2024,11799.2028793201
SWZ,2023,11299.8831236788
SWZ,2022,10635.3924156113
SWZ,2021,9990.43491951205
ETH,2024,3287.53492158893
ETH,2023,3060.9050300376
ETH,2022,2844.92274535753
ETH,2021,2588.41310215884
FRO,2024,81908.7781785018
FRO,2023,79694.929791758
FRO,2022,75265.6585388594
FRO,2021,68426.7943218898
FJI,2024,15450.2993265388
FJI,2023,14644.1773754361
FJI,2022,12982.2914519919
FJI,2021,10322.4279638854
FIN,2024,65378.3841859721
FIN,2023,63414.9936878177
FIN,2022,62133.1375219912
FIN,2021,56790.3766177692
FRA,2024,62556.91810454
FRA,2023,60838.9416716424
FRA,2022,57042.9449013772
FRA,2021,52517.3354905855
PYF,2024,
PYF,2023,
PYF,2022,
PYF,2021,
GAB,2024,21510.1725307344
GAB,2023,20755.665381766
GAB,2022,19992.5570643468
GAB,2021,18523.5798032193
GMB,2024,3475.61245701341
GMB,2023,3289.13283057107
GMB,2022,3067.31040374628
GMB,2021,2777.79620978324
GEO,2024,28285.0732802982
GEO,2023,25071.9677264107
GEO,2022,22461.3326414547
GEO,2021,18915.6534005263
DEU,2024,73551.9347696836
DEU,2023,71684.0311875583
DEU,2022,69048.9884036885
DEU,2021,62530.7653199239
GHA,2024,8019.99702389611
GHA,2023,7556.41605453234
GHA,2022,7208.15798982723
GHA,2021,6607.50297378321
GIB,2024,
GIB,2023,
GIB,2022,
GIB,2021,
GRC,2024,44327.2097808276
GRC,2023,42710.5058010314
GRC,2022,39612.4406377916
GRC,2021,33531.15511226
GRL,2024,
GRL,2023,78840.5978395988
GRL,2022,75720.4298219323
GRL,2021,69302.0088788237
GRD,2024,20177.8094927386
GRD,2023,18970.740164653
GRD,2022,17543.9815596266
GRD,2021,15290.250903138
GUM,2024,
GUM,2023,
GUM,2022,
GUM,2021,
GTM,2024,14368.6605681815
GTM,2023,13745.3631241794
GTM,2022,13014.0153809826
GTM,2021,11825.141273764
GIN,2024,4565.3007888456
GIN,2023,4333.74617312626
GIN,2022,4062.36136437922
GIN,2021,3738.8051255133
GNB,2024,3119.37157047437
GNB,2023,2989.67235980477
GNB,2022,2788.83773937954
GNB,2021,2522.76764302521
GUY,2024,80155.03939277
GUY,2023,54729.0365156366
GUY,2022,39710.9695607531
GUY,2021,22865.9270968882
HTI,2024,3193.67136419915
HTI,2023,3291.73817887066
HTI,2022,3275.40718126345
HTI,2021,3145.00681057269
HND,2024,7486.01869616445
HND,2023,7178.33906781522
HND,2022,6805.49358294554
HND,2021,6202.98078812037
HKG,2024,75195.9865970615
HKG,2023,71512.3193551161
HKG,2022,68602.1257900473
HKG,2021,65884.9376260603
HUN,2024,48552.4708092529
HUN,2023,46592.3856070073
HUN,2022,44365.9108128343
HUN,2021,38887.1909527154
ISL,2024,84256.8454573112
ISL,2023,81608.4479116436
ISL,2022,75332.8528345867
ISL,2021,61610.2132740715
IND,2024,11159.9856476091
IND,2023,10323.4998734428
IND,2022,9207.12743040145
IND,2021,8050.01857452664
IDN,2024,16448.2755179559
IDN,2023,15415.7079259527
IDN,2022,14284.929293133
IDN,2021,12757.0746440204
IRN,2024,19873.8860853805
IRN,2023,18917.0914723132
IRN,2022,17545.6246629429
IRN,2021,15884.4276775963
IRQ,2024,14464.3186928173
IRQ,2023,14652.5212399212
IRQ,2022,14391.1292349806
IRQ,2021,12731.7535755129
IRL,2024,133437.470117019
IRL,2023,129682.607150517
IRL,2022,138522.517800204
IRL,2021,116903.61243517
IMN,2024,
IMN,2023,
IMN,2022,
IMN,2021,
ISR,2024,57235.7763244136
ISR,2023,55171.2318814321
ISR,2022,53619.0680995095
ISR,2021,46162.0822730247
ITA,2024,62014.2675153689
ITA,2023,60029.871712398
ITA,2022,57260.8945372493
ITA,2021,49825.3934111848
JAM,2024,12890.2660051472
JAM,2023,12650.9052955938
JAM,2022,11887.770369423
JAM,2021,10430.6909771759
JPN,2024,52039.1716551611
JPN,2023,50661.7663463109
JPN,2022,47192.0500603372
JPN,2021,44355.3487163354
JOR,2024,10821.4909765317
JOR,2023,10411.8416152967
JOR,2022,9927.2341002506
JOR,2021,9182.496161256
KAZ,2024,40890.9317694408
KAZ,2023,38515.1836009979
KAZ,2022,35895.0839871667
KAZ,2021,32945.8515725823
KEN,2024,6644.13093243895
KEN,2023,6317.03904665091
KEN,2022,5883.22303961921
KEN,2021,5338.85243382781
KIR,2024,3702.32594703115
KIR,2023,3485.55808311399
KIR,2022,3329.34434464861
KIR,2021,3020.49399935695
PRK,2024,
PRK,2023,
PRK,2022,
PRK,2021,
KOR,2024,61051.3492502498
KOR,2023,57429.8031076402
KOR,2022,55509.3368761174
KOR,2021,51718.2518656631
XKX,2024,17864.4160145118
XKX,2023,15804.4065754058
XKX,2022,13950.896732241
XKX,2021,12362.4210181213
KWT,2024,52443.5969223626
KWT,2023,53025.4710858063
KWT,2022,55043.0022635849
KWT,2021,50651.9575337091
KGZ,2024,8012.45464442194
KGZ,2023,7298.08612561933
KGZ,2022,6577.51217728389
KGZ,2021,5736.47883415154
LAO,2024,9775.82817381023
LAO,2023,9291.78859001138
LAO,2022,8766.44062611094
LAO,2021,8080.43553249923
LVA,2024,43394.2732822314
LVA,2023,42576.4060799457
LVA,2022,40558.7495841122
LVA,2021,36912.0130602161
LBN,2024,
LBN,2023,12574.8329116403
LBN,2022,12292.8407305501
LBN,2021,11599.7755083765
LSO,2024,3001.16311951334
LSO,2023,2880.96629615692
LSO,2022,2761.31105002216
LSO,2021,2544.78249551214
LBR,2024,1871.04406164262
LBR,2023,1794.53340863362
LBR,2022,1691.57275721851
LBR,2021,1539.20892304674
LBY,2024,14303.8087736988
LBY,2023,13847.0792190045
LBY,2022,12266.3896804716
LBY,2021,12641.5097714075
LIE,2024,
LIE,2023,
LIE,2022,
LIE,2021,
LTU,2024,55285.8991934304
LTU,2023,52348.2468215268
LTU,2022,50936.0049547442
LTU,2021,45873.5273239486
LUX,2024,155941.288210791
LUX,2023,150508.218886888
LUX,2022,146919.145398494
LUX,2021,136772.443753292
MAC,2024,126959.917138906
MAC,2023,116328.540600134
MAC,2022,64193.5294048618
MAC,2021,73374.4486829589
MDG,2024,1883.5374311384
MDG,2023,1808.44779038579
MDG,2022,1716.97884873797
MDG,2021,1577.43246056529
MWI,2024,1857.61756950305
MWI,2023,1830.46461287442
MWI,2022,1778.30582146001
MWI,2021,1687.59358179651
MYS,2024,38779.2830442253
MYS,2023,36466.8914938333
MYS,2022,34419.8684975666
MYS,2021,29822.8491831618
MDV,2024,26182.7831570917
MDV,2023,24786.2032123451
MDV,2022,22880.5123151419
MDV,2021,19052.6224904311
MLI,2024,3314.77332231959
MLI,2023,3174.62960276396
MLI,2022,3014.4210732688
MLI,2021,2796.22793795433
MLT,2024,69863.7461313457
MLT,2023,67057.2184329891
MLT,2022,60588.8890591794
MLT,2021,56852.3218512267
MHL,2024,8194.63854758403
MHL,2023,7548.73253747944
MHL,2022,7431.42757895496
MHL,2021,6767.95785510528
MRT,2024,7368.75275290214
MRT,2023,6965.90953574715
MRT,2022,6484.82792132631
MRT,2021,5836.56580821897
MUS,2024,31839.7597535524
MUS,2023,29560.7137230079
MUS,2022,26874.4899927593
MUS,2021,23010.2013826905
MEX,2024,26185.3564713253
MEX,2023,25243.1644887582
MEX,2022,23135.4931601276
MEX,2021,20782.5877417545
FSM,2024,4346.84249671875
FSM,2023,4233.74492558769
FSM,2022,4086.9798010394
FSM,2021,3946.41608109166
MDA,2024,18614.9880691203
MDA,2023,17746.9405538684
MDA,2022,16452.9621192
MDA,2021,15682.0703284653
MCO,2024,
MCO,2023,
MCO,2022,
MCO,2021,
MNG,2024,19144.7261368498
MNG,2023,18004.8512058355
MNG,2022,16401.9894751531
MNG,2021,14792.2509086422
MNE,2024,34062.7577672706
MNE,2023,31862.7715778041
MNE,2022,28049.6156106324
MNE,2021,23690.0773513056
MAR,2024,10415.1240234375
MAR,2023,9894.650390625
MAR,2022,9310.0322265625
MAR,2021,8623.265625
MOZ,2024,1705.37919520416
MOZ,2023,1678.39118243681
MOZ,2022,1581.9441944262
MOZ,2021,1457.23540930922
MMR,2024,5997.46516323715
MMR,2023,5953.35735165913
MMR,2022,5731.93787872459
MMR,2021,5178.44718217164
NAM,2024,11686.6020661881
NAM,2023,11251.2370313819
NAM,2022,10662.7017064119
NAM,2021,9709.09930646771
NRU,2024,14173.0081043154
NRU,2023,13731.5704745016
NRU,2022,13245.1094562619
NRU,2021,12112.2358384228
NPL,2024,5736.62134332704
NPL,2023,5395.20820077513
NPL,2022,5102.99231132947
NPL,2021,4546.22970006289
NLD,2024,86173.6290841738
NLD,2023,81728.6904629268
NLD,2022,78630.3599072098
NLD,2021,68573.5648786446
NCL,2024,
NCL,2023,
NCL,2022,
NCL,2021,
NZL,2024,55551.143658637
NZL,2023,54697.382252318
NZL,2022,54033.9130125651
NZL,2021,48248.7176729892
NIC,2024,8708.79983051626
NIC,2023,8319.97944140996
NIC,2022,7796.69362034144
NIC,2021,7119.16923360042
NER,2024,2049.93305251019
NER,2023,1875.15306770628
NER,2022,1839.96909675903
NER,2021,1585.59922021188
NGA,2024,9086.87550609627
NGA,2023,8705.43426693539
NGA,2022,8304.9581050353
NGA,2021,7588.47885596359
MKD,2024,26995.4292563497
MKD,2023,25354.103505762
MKD,2022,24212.2818885331
MKD,2021,22144.2842571431
MNP,2024,
MNP,2023,
MNP,2022,
MNP,2021,
NOR,2024,102037.526800237
NOR,2023,103637.516843678
NOR,2022,125489.548935602
NOR,2021,88984.1386736515
OMN,2024,41740.1658530012
OMN,2023,41945.0255640883
OMN,2022,42616.3348955868
OMN,2021,38719.4587682049
PAK,2024,6252.11543199559
PAK,2023,6013.989636386
PAK,2022,5920.27430654107
PAK,2021,5367.27364714762
PLW,2024,
PLW,2023,18230.2698627414
PLW,2022,17184.5415251955
PLW,2021,15780.5501158866
PAN,2024,41369.422541499
PAN,2023,39813.3857939972
PAN,2022,36333.1269184359
PAN,2021,30932.7627809145
PNG,2024,4874.6899553589
PNG,2023,4667.83567092991
PNG,2022,4419.61926962803
PNG,2021,3976.90380116956
PRY,2024,18523.6810153
PRY,2023,17564.4912369374
PRY,2022,16347.0434974776
PRY,2021,15406.1670646576
PER,2024,17802.4182498972
PER,2023,17011.2278028825
PER,2022,16669.1561486769
PER,2021,15280.5512106486
PHL,2024,11794.1375488492
PHL,2023,10985.8292627505
PHL,2022,10131.346369794
PHL,2021,8857.78995115514
POL,2024,51262.5105756884
POL,2023,48473.0940286419
POL,2022,46777.5524519162
POL,2021,41059.5847829682
PRT,2024,51679.8883807527
PRT,2023,49352.8388613032
PRT,2022,45250.0148759865
PRT,2021,38657.6677223425
PRI,2024,50247.8492461676
PRI,2023,47543.3937761528
PRI,2022,45327.510192422
PRI,2021,40559.474811812
QAT,2024,126046.354855612
QAT,2023,129367.869670927
QAT,2022,122920.54329029
QAT,2021,116832.656941972
ROU,2024,49076.5399383138
ROU,2023,45981.6027785222
ROU,2022,41979.2586767087
ROU,2021,37534.1559176911
RUS,2024,47404.96484375
RUS,2023,44268.73046875
RUS,2022,40938.98828125
RUS,2021,38638.4296875
RWA,2024,3710.86040434596
RWA,2023,3399.45174603143
RWA,2022,3098.67700634994
RWA,2021,2733.43566762447
WSM,2024,8736.81606772538
WSM,2023,8194.80725640734
WSM,2022,6909.17129928336
WSM,2021,6350.11428353253
SMR,2024,
SMR,2023,78745.4313299335
SMR,2022,75941.4899090162
SMR,2021,64745.1316780701
STP,2024,6241.85614464638
STP,2023,6149.98146081932
STP,2022,6033.6811722183
STP,2021,5732.69456061536
SAU,2024,71375.3727890285
SAU,2023,71564.800028565
SAU,2022,71968.074955888
SAU,2021,62690.4966645929
SEN,2024,5070.6486207418
SEN,2023,4777.61451861578
SEN,2022,4530.22059496055
SEN,2021,4173.67741399619
SRB,2024,32832.1763221005
SRB,2023,29776.8951752159
SRB,2022,26142.8279237665
SRB,2021,23406.4036315634
SYC,2024,33238.5800343754
SYC,2023,31780.7838341965
SYC,2022,29972.8758315937
SYC,2021,29979.8272686091
SLE,2024,3522.30588009119
SLE,2023,3368.31727188063
SLE,2022,3143.96451050507
SLE,2021,2849.38865926436
SGP,2024,150689.301625826
SGP,2023,143786.136293013
SGP,2022,143094.949896959
SGP,2021,132617.354020876
SXM,2024,53768.6573945662
SXM,2023,51686.6520818084
SXM,2022,48760.6820580997
SXM,2021,40507.0672411717
SVK,2024,48132.356430543
SVK,2023,45973.9406902991
SVK,2022,41562.1497793913
SVK,2021,38346.0935768177
SVN,2024,57186.3713538174
SVN,2023,56064.0974596742
SVN,2022,52347.109726538
SVN,2021,45914.0572392406
SLB,2024,2674.89311339831
SLB,2023,2596.56364252803
SLB,2022,2496.22734577831
SLB,2021,2449.87009821452
SOM,2024,1601.96466602339
SOM,2023,1555.61016798776
SOM,2022,1486.47247333834
SOM,2021,1392.31782053371
ZAF,2024,15456.1989933658
ZAF,2023,15199.7329823776
ZAF,2022,14749.0478045301
ZAF,2021,13681.9548144813
SSD,2024,
SSD,2023,
SSD,2022,
SSD,2021,
ESP,2024,57965.2948138837
ESP,2023,55682.2402603093
ESP,2022,51398.9310403407
ESP,2021,44251.6658222621
LKA,2024,15632.5924849848
LKA,2023,14455.6544414734
LKA,2022,14193.6546217446
LKA,2021,14316.1352225683
KNA,2024,34846.6035342828
KNA,2023,33979.6303615734
KNA,2022,31870.8813784505
KNA,2021,26896.6177065978
LCA,2024,27567.3280779839
LCA,2023,25974.5092925263
LCA,2022,24599.3733001067
LCA,2021,19101.1652956675
MAF,2024,
MAF,2023,
MAF,2022,
MAF,2021,
VCT,2024,21272.0800673662
VCT,2023,19819.869034679
VCT,2022,18035.273292812
VCT,2021,16200.8994597845
SDN,2024,2115.81616210938
SDN,2023,2420.65795898438
SDN,2022,3355.37817382813
SDN,2021,3248.9755859375
SUR,2024,21800.5265989822
SUR,2023,21110.1980204563
SUR,2022,20078.836554595
SUR,2021,18458.234999681
SWE,2024,71844.9129880579
SWE,2023,69226.3272756663
SWE,2022,67075.6762724717
SWE,2021,62731.700616293
CHE,2024,96497.6947971323
CHE,2023,95141.5960943632
CHE,2022,94421.4576550424
CHE,2021,81001.4111206118
SYR,2024,
SYR,2023,
SYR,2022,4772.4616766716
SYR,2021,4592.83860100874
TJK,2024,5405.98011619139
TJK,2023,4963.58295264504
TJK,2022,4514.17512398164
TJK,2021,3985.91247611219
TZA,2024,4220.79638671875
TZA,2023,4018.5166015625
TZA,2022,3799.8623046875
TZA,2021,3493.0830078125
THA,2024,24712.0658575135
THA,2023,23519.2120979823
THA,2022,22243.0747727026
THA,2021,20242.7700035656
TLS,2024,4422.77882172399
TLS,2023,4806.82181559299
TLS,2022,5729.81171382517
TLS,2021,6825.04588630745
TGO,2024,3365.45809007306
TGO,2023,3154.43329348299
TGO,2022,2935.01367320787
TGO,2021,2638.81095267963
TON,2024,
TON,2023,7802.66986206107
TON,2022,7296.17082139288
TON,2021,6929.17669288438
TTO,2024,36328.5130065685
TTO,2023,34623.3691500959
TTO,2022,32978.8585763159
TTO,2021,30482.1201798631
TUN,2024,14521.0080937638
TUN,2023,14040.5961148142
TUN,2022,13618.5389918651
TUN,2021,12444.3264026887
TUR,2024,45639.0192735944
TUR,2023,42786.2004948664
TUR,2022,39564.1103267333
TUR,2021,32105.5474400506
TKM,2024,21213.0862501953
TKM,2023,19828.9248461199
TKM,2022,18340.1112805299
TKM,2021,16434.1399060353
TCA,2024,37954.3876543471
TCA,2023,35336.7403511449
TCA,2022,30220.8240138134
TCA,2021,25056.4880515569
TUV,2024,
TUV,2023,6151.01047041608
TUV,2022,5661.14384766376
TUV,2021,5352.97862537897
UGA,2024,3273.2671741364
UGA,2023,3097.63702430619
UGA,2022,2919.17775407108
UGA,2021,2684.92035939744
UKR,2024,18550.462890625
UKR,2023,17665.34375
UKR,2022,14770.0712890625
UKR,2021,17846.408203125
ARE,2024,79228.738801276
ARE,2023,77955.2951760879
ARE,2022,75071.6586300351
ARE,2021,68580.1485423483
GBR,2024,62009.4907765366
GBR,2023,59911.3467663209
GBR,2022,59021.5721805914
GBR,2021,51004.4271714238
USA,2024,85809.9003846359
USA,2023,82304.6204272866
USA,2022,77860.9112908848
USA,2021,71307.4017277218
URY,2024,36417.874162496
URY,2023,34470.9322201143
URY,2022,33000.918699951
URY,2021,29431.8850087471
UZB,2024,11878.5528706848
UZB,2023,11106.9715934767
UZB,2022,10292.5309427485
UZB,2021,9247.64382703929
VUT,2024,3605.60736691735
VUT,2023,3567.81882030223
VUT,2022,3452.60742693882
VUT,2021,3135.83664945678
VEN,2024,
VEN,2023,
VEN,2022,
VEN,2021,
VNM,2024,16385.5065565458
VNM,2023,15033.8768594355
VNM,2022,13905.1536875216
VNM,2021,12048.9019935536
VIR,2024,
VIR,2023,
VIR,2022,49793.0324395716
VIR,2021,46893.5496988741
PSE,2024,4371.11135857265
PSE,2023,5950.02006184393
PSE,2022,6163.24897837613
PSE,2021,5663.12160743584
YEM,2024,
YEM,2023,
YEM,2022,
YEM,2021,
ZMB,2024,4214.89277804799
ZMB,2023,4076.99508686641
ZMB,2022,3840.72450511139
ZMB,2021,3503.03491418372
ZWE,2024,5928.0806252756
ZWE,2023,5791.19212877988
ZWE,2022,5395.8562980064
ZWE,2021,4827.0886936086
